,randid,Date,Energy,Irradiance,IEC_pstep,Energy_pstep,Compared
0,R23,2018-07-19 01:00:00,1000.0,,,,
1,R23,2018-07-19 02:00:00,1000.0,,,0.0,
2,R23,2018-07-19 03:00:00,1000.0,,,0.0,
3,R23,2018-07-19 04:00:00,1000.0,,,0.0,
4,R23,2018-07-19 05:00:00,1000.0,,,0.0,
5,R23,2018-07-19 06:00:00,1000.0,,,0.0,
6,R23,2018-07-19 07:00:00,1032.712,28.6245,71.56125,32.71199999999999,38.84925000000001
7,R23,2018-07-19 08:00:00,1217.521,136.8305,342.07625,184.80899999999997,157.26725000000005
8,R23,2018-07-19 09:00:00,1889.859,347.5645,868.91125,672.338,196.57325000000003
9,R23,2018-07-19 10:00:00,3073.485,565.9015,1414.7537500000003,1183.6260000000002,231.1277500000001
10,R23,2018-07-19 11:00:00,4662.416,754.6965,1886.74125,1588.931,297.81025
11,R23,2018-07-19 12:00:00,6518.864,896.4945,2241.23625,1856.4479999999994,384.7882500000005
12,R23,2018-07-19 13:00:00,8469.309,984.371,2460.9275,1950.4449999999997,510.4825000000001
13,R23,2018-07-19 14:00:00,10059.862,1018.6565,2546.64125,1590.5529999999999,956.0882500000002
14,R23,2018-07-19 15:00:00,11122.754,339.1815,847.9537500000001,1062.8920000000016,-214.93825000000152
15,R23,2018-07-19 16:00:00,12884.505,828.638,2071.595,1761.7509999999984,309.8440000000014
16,R23,2018-07-19 17:00:00,14284.252,641.56,1603.8999999999999,1399.7470000000012,204.15299999999866
17,R23,2018-07-19 18:00:00,15193.739,409.846,1024.615,909.4869999999992,115.12800000000084
18,R23,2018-07-19 19:00:00,15572.821,186.8195,467.04875,379.08200000000033,87.96674999999965
19,R23,2018-07-19 20:00:00,15621.361,27.918,69.795,48.54000000000087,21.25499999999913
20,R23,2018-07-19 21:00:00,15621.361,,,0.0,
21,R23,2018-07-19 22:00:00,15621.361,,,0.0,
22,R23,2018-07-19 23:00:00,15621.361,,,0.0,
23,R23,2018-07-20 00:00:00,15621.361,,,0.0,
24,R23,2018-07-20 01:00:00,15621.361,,,0.0,
25,R23,2018-07-20 02:00:00,15621.361,,,0.0,
26,R23,2018-07-20 03:00:00,15621.361,,,0.0,
27,R23,2018-07-20 04:00:00,15621.361,,,0.0,
28,R23,2018-07-20 05:00:00,15621.361,,,0.0,
29,R23,2018-07-20 06:00:00,15621.361,0.851,2.1275,0.0,2.1275
30,R23,2018-07-20 07:00:00,15644.971,21.923,54.80749999999999,23.609999999998763,31.197500000001227
31,R23,2018-07-20 08:00:00,15838.044,132.751,331.8775,193.07300000000032,138.80449999999968
32,R23,2018-07-20 09:00:00,16509.722,342.3685,855.92125,671.6780000000017,184.24324999999828
33,R23,2018-07-20 10:00:00,17695.568,565.227,1413.0675,1185.8459999999977,227.22150000000238
34,R23,2018-07-20 11:00:00,19294.634,760.9045,1902.26125,1599.065999999999,303.1952500000011
35,R23,2018-07-20 12:00:00,21159.454,893.7735,2234.43375,1864.8200000000033,369.6137499999968
36,R23,2018-07-20 13:00:00,23174.567,983.2875,2458.21875,2015.1129999999976,443.10575000000244
37,R23,2018-07-20 14:00:00,25186.16,992.5705,2481.42625,2011.5930000000008,469.8332499999992
38,R23,2018-07-20 15:00:00,27086.231,940.8355,2352.08875,1900.071,452.01775
39,R23,2018-07-20 16:00:00,28756.152,809.515,2023.7875,1669.9209999999985,353.86650000000145
40,R23,2018-07-20 17:00:00,30089.619,625.2115,1563.02875,1333.4670000000006,229.5617499999994
41,R23,2018-07-20 18:00:00,30958.795,404.4365,1011.0912500000002,869.1759999999995,141.9152500000007
42,R23,2018-07-20 19:00:00,31325.692,181.642,454.105,366.89700000000084,87.20799999999917
43,R23,2018-07-20 20:00:00,31372.398,26.7425,66.85625,46.70600000000195,20.150249999998053
44,R23,2018-07-20 21:00:00,31372.398,,,0.0,
45,R23,2018-07-20 22:00:00,31372.398,,,0.0,
46,R23,2018-07-20 23:00:00,31372.398,,,0.0,
47,R23,2018-07-21 00:00:00,31372.398,,,0.0,
48,R23,2018-07-21 01:00:00,31372.398,,,0.0,
49,R23,2018-07-21 02:00:00,31372.398,,,0.0,
50,R23,2018-07-21 03:00:00,31372.398,,,0.0,
51,R23,2018-07-21 04:00:00,31372.398,,,0.0,
52,R23,2018-07-21 05:00:00,31372.398,,,0.0,
53,R23,2018-07-21 06:00:00,31372.398,,,0.0,
54,R23,2018-07-21 07:00:00,31372.398,,,0.0,
55,R23,2018-07-21 08:00:00,31372.398,,,0.0,
56,R23,2018-07-21 09:00:00,31372.398,,,0.0,
57,R23,2018-07-21 10:00:00,31372.398,,,0.0,
58,R23,2018-07-21 11:00:00,31372.398,,,0.0,
59,R23,2018-07-21 12:00:00,31372.398,,,0.0,
60,R23,2018-07-21 13:00:00,31372.398,,,0.0,
61,R23,2018-07-21 14:00:00,32093.535,959.8625,2399.65625,721.1369999999988,1678.5192500000012
62,R23,2018-07-21 15:00:00,33243.98,686.901,1717.2525,1150.4450000000033,566.8074999999967
63,R23,2018-07-21 16:00:00,34216.464,424.6675,1061.66875,972.4839999999967,89.1847500000033
64,R23,2018-07-21 17:00:00,35231.965,433.722,1084.305,1015.5009999999966,68.8040000000035
65,R23,2018-07-21 18:00:00,36105.46,402.067,1005.1675,873.4950000000026,131.6724999999974
66,R23,2018-07-21 19:00:00,36480.173,189.636,474.09,374.7130000000034,99.3769999999966
67,R23,2018-07-21 20:00:00,36525.233,26.6515,66.62875,45.05999999999767,21.568750000002325
68,R23,2018-07-21 21:00:00,36525.233,,,0.0,
69,R23,2018-07-21 22:00:00,36525.233,,,0.0,
70,R23,2018-07-21 23:00:00,36525.233,,,0.0,
71,R23,2018-07-22 00:00:00,36525.233,,,0.0,
72,R23,2018-07-22 01:00:00,36525.233,,,0.0,
73,R23,2018-07-22 02:00:00,36525.233,,,0.0,
74,R23,2018-07-22 03:00:00,36525.233,,,0.0,
75,R23,2018-07-22 04:00:00,36525.233,,,0.0,
76,R23,2018-07-22 05:00:00,36525.233,,,0.0,
77,R23,2018-07-22 06:00:00,36525.233,0.462,1.155,0.0,1.155
78,R23,2018-07-22 07:00:00,36556.159,25.6385,64.09625,30.925999999999476,33.17025000000052
79,R23,2018-07-22 08:00:00,36736.228,136.312,340.7800000000001,180.06900000000314,160.71099999999694
80,R23,2018-07-22 09:00:00,37432.559,354.9875,887.46875,696.3309999999983,191.1377500000017
81,R23,2018-07-22 10:00:00,38655.996,576.6125,1441.53125,1223.436999999998,218.09425000000192
82,R23,2018-07-22 11:00:00,40290.717,778.273,1945.6825,1634.7209999999977,310.96150000000216
83,R23,2018-07-22 12:00:00,42188.07,919.2805,2298.20125,1897.3530000000028,400.8482499999973
84,R23,2018-07-22 13:00:00,44124.751,1011.4335,2528.58375,1936.6809999999969,591.9027500000029
85,R23,2018-07-22 14:00:00,45953.689,1019.5315,2548.82875,1828.938000000002,719.8907499999982
86,R23,2018-07-22 15:00:00,47743.968,954.765,2386.9125,1790.2790000000023,596.6334999999976
87,R23,2018-07-22 16:00:00,49449.726,844.994,2112.485,1705.7580000000016,406.7269999999985
88,R23,2018-07-22 17:00:00,50874.587,651.5165,1628.7912499999998,1424.8609999999971,203.93025000000262
89,R23,2018-07-22 18:00:00,51820.473,423.159,1057.8975,945.8859999999986,112.01150000000143
90,R23,2018-07-22 19:00:00,52211.771,190.139,475.3475,391.2980000000025,84.04949999999752
91,R23,2018-07-22 20:00:00,52250.788,22.1765,55.44125,39.016999999999825,16.42425000000017
92,R23,2018-07-22 21:00:00,52250.788,,,0.0,
93,R23,2018-07-22 22:00:00,52250.788,,,0.0,
94,R23,2018-07-22 23:00:00,52250.788,,,0.0,
95,R23,2018-07-23 00:00:00,52250.788,,,0.0,
96,R23,2018-07-23 01:00:00,52250.788,,,0.0,
97,R23,2018-07-23 02:00:00,52250.788,,,0.0,
98,R23,2018-07-23 03:00:00,52250.788,,,0.0,
99,R23,2018-07-23 04:00:00,52250.788,,,0.0,
100,R23,2018-07-23 05:00:00,52250.788,,,0.0,
101,R23,2018-07-23 06:00:00,52250.788,,,0.0,
102,R23,2018-07-23 07:00:00,52284.142,26.6265,66.56625,33.35399999999936,33.21225000000064
103,R23,2018-07-23 08:00:00,52465.984,137.921,344.8025,181.84199999999691,162.9605000000031
104,R23,2018-07-23 09:00:00,53149.83,357.206,893.015,683.846000000005,209.16899999999498
105,R23,2018-07-23 10:00:00,54355.742,576.0425,1440.10625,1205.9119999999966,234.19425000000342
106,R23,2018-07-23 11:00:00,55979.001,771.965,1929.9125,1623.2589999999982,306.6535000000017
107,R23,2018-07-23 12:00:00,57867.165,914.157,2285.3925,1888.1640000000043,397.2284999999956
108,R23,2018-07-23 13:00:00,59716.043,996.535,2491.3375,1848.877999999997,642.4595000000031
109,R23,2018-07-23 14:00:00,61460.067,1010.417,2526.0425,1744.024000000005,782.0184999999951
110,R23,2018-07-23 15:00:00,63166.588,950.657,2376.6425,1706.5210000000006,670.1214999999993
111,R23,2018-07-23 16:00:00,64780.405,834.9425,2087.35625,1613.8169999999955,473.53925000000436
112,R23,2018-07-23 17:00:00,66101.878,646.1935,1615.48375,1321.4729999999981,294.01075000000196
113,R23,2018-07-23 18:00:00,66986.181,402.2615,1005.65375,884.3029999999999,121.35075000000006
114,R23,2018-07-23 19:00:00,67170.081,76.793,191.98250000000002,183.90000000000873,8.082499999991285
115,R23,2018-07-23 20:00:00,67215.677,26.837,67.0925,45.595999999990454,21.496500000009547
116,R23,2018-07-23 21:00:00,67215.677,,,0.0,
117,R23,2018-07-23 22:00:00,67215.677,,,0.0,
118,R23,2018-07-23 23:00:00,67215.677,,,0.0,
119,R23,2018-07-24 00:00:00,67215.677,,,0.0,
120,R23,2018-07-24 01:00:00,67215.677,,,0.0,
121,R23,2018-07-24 02:00:00,67215.677,,,0.0,
122,R23,2018-07-24 03:00:00,67215.677,,,0.0,
123,R23,2018-07-24 04:00:00,67215.677,,,0.0,
124,R23,2018-07-24 05:00:00,67215.677,,,0.0,
125,R23,2018-07-24 06:00:00,67215.677,,,0.0,
126,R23,2018-07-24 07:00:00,67249.551,26.9985,67.49625,33.87400000001071,33.62224999998929
127,R23,2018-07-24 08:00:00,67434.171,137.8875,344.71875,184.61999999999534,160.09875000000466
128,R23,2018-07-24 09:00:00,68108.189,352.6585,881.64625,674.0179999999964,207.62825000000362
129,R23,2018-07-24 10:00:00,69300.19,577.458,1443.645,1192.0010000000038,251.64399999999614
130,R23,2018-07-24 11:00:00,70888.003,769.953,1924.8825,1587.8129999999946,337.0695000000053
131,R23,2018-07-24 12:00:00,72689.996,911.697,2279.2425,1801.9930000000022,477.2494999999976
132,R23,2018-07-24 13:00:00,74400.733,996.058,2490.145,1710.7369999999937,779.4080000000063
133,R23,2018-07-24 14:00:00,76093.632,1007.7915,2519.47875,1692.899000000005,826.5797499999953
134,R23,2018-07-24 15:00:00,77609.543,950.217,2375.5425,1515.9110000000073,859.6314999999927
135,R23,2018-07-24 16:00:00,78799.485,681.1595,1702.89875,1189.9419999999955,512.9567500000046
136,R23,2018-07-24 17:00:00,80209.535,650.1985,1625.49625,1410.050000000003,215.446249999997
137,R23,2018-07-24 18:00:00,81129.38,421.1725,1052.93125,919.8450000000012,133.08624999999893
138,R23,2018-07-24 19:00:00,81320.372,91.34,228.35,190.99199999999837,37.358000000001624
139,R23,2018-07-24 20:00:00,81358.361,24.4825,61.206250000000004,37.9890000000014,23.217249999998607
140,R23,2018-07-24 21:00:00,81358.361,,,0.0,
141,R23,2018-07-24 22:00:00,81358.361,,,0.0,
142,R23,2018-07-24 23:00:00,81358.361,,,0.0,
143,R23,2018-07-25 00:00:00,81358.361,,,0.0,
144,R23,2018-07-25 01:00:00,81358.361,,,0.0,
145,R23,2018-07-25 02:00:00,81358.361,,,0.0,
146,R23,2018-07-25 03:00:00,81358.361,,,0.0,
147,R23,2018-07-25 04:00:00,81358.361,,,0.0,
148,R23,2018-07-25 05:00:00,81358.361,,,0.0,
149,R23,2018-07-25 06:00:00,81358.361,,,0.0,
150,R23,2018-07-25 07:00:00,81395.16,27.7085,69.27125,36.79899999999907,32.472250000000926
151,R23,2018-07-25 08:00:00,81587.557,137.211,343.02750000000003,192.3969999999972,150.63050000000283
152,R23,2018-07-25 09:00:00,82260.627,352.457,881.1425,673.0699999999924,208.0725000000076
153,R23,2018-07-25 10:00:00,83453.002,574.5245,1436.31125,1192.375,243.93624999999997
154,R23,2018-07-25 11:00:00,85046.028,771.0615,1927.65375,1593.0260000000126,334.6277499999874
155,R23,2018-07-25 12:00:00,86877.21,913.168,2282.92,1831.1820000000007,451.7379999999994
156,R23,2018-07-25 13:00:00,88600.023,993.2285,2483.07125,1722.8129999999946,760.2582500000053
157,R23,2018-07-25 14:00:00,90239.34,995.576,2488.94,1639.3169999999955,849.6230000000046
158,R23,2018-07-25 15:00:00,91219.359,963.6705,2409.17625,980.0190000000002,1429.1572499999997
159,R23,2018-07-25 16:00:00,91980.323,830.422,2076.055,760.9640000000072,1315.0909999999926
160,R23,2018-07-25 17:00:00,92950.314,643.312,1608.28,969.9909999999945,638.2890000000054
161,R23,2018-07-25 18:00:00,93817.944,419.9455,1049.86375,867.6300000000047,182.23374999999533
162,R23,2018-07-25 19:00:00,94080.399,127.6315,319.07875,262.45500000000175,56.62374999999827
163,R23,2018-07-25 20:00:00,94123.964,24.1185,60.29625,43.56500000000233,16.731249999997672
164,R23,2018-07-25 21:00:00,94123.964,,,0.0,
165,R23,2018-07-25 22:00:00,94123.964,,,0.0,
166,R23,2018-07-25 23:00:00,94123.964,,,0.0,
167,R23,2018-07-26 00:00:00,94123.964,,,0.0,
168,R23,2018-07-26 01:00:00,94123.964,,,0.0,
169,R23,2018-07-26 02:00:00,94123.964,,,0.0,
170,R23,2018-07-26 03:00:00,94123.964,,,0.0,
171,R23,2018-07-26 04:00:00,94123.964,,,0.0,
172,R23,2018-07-26 05:00:00,94123.964,,,0.0,
173,R23,2018-07-26 06:00:00,94123.964,,,0.0,
174,R23,2018-07-26 07:00:00,94169.559,29.6325,74.08125,45.59499999998661,28.486250000013385
175,R23,2018-07-26 08:00:00,94381.448,139.874,349.685,211.88900000001013,137.79599999998987
176,R23,2018-07-26 09:00:00,95066.288,349.9995,874.99875,684.8399999999965,190.15875000000347
177,R23,2018-07-26 10:00:00,96256.863,575.0095,1437.52375,1190.574999999997,246.94875000000297
178,R23,2018-07-26 11:00:00,97837.49,764.765,1911.9125,1580.6270000000077,331.2854999999922
179,R23,2018-07-26 12:00:00,99629.544,911.6885,2279.22125,1792.0539999999892,487.1672500000109
180,R23,2018-07-26 13:00:00,101324.85,982.384,2455.96,1695.3060000000114,760.6539999999886
181,R23,2018-07-26 14:00:00,102945.811,1004.8205,2512.05125,1620.9609999999957,891.0902500000043
182,R23,2018-07-26 15:00:00,104622.918,943.6105,2359.02625,1677.1070000000036,681.9192499999963
183,R23,2018-07-26 16:00:00,106227.317,828.541,2071.3525000000004,1604.3989999999903,466.9535000000101
184,R23,2018-07-26 17:00:00,107611.503,629.4135,1573.53375,1384.1860000000015,189.34774999999854
185,R23,2018-07-26 18:00:00,108534.555,420.028,1050.07,923.051999999996,127.0180000000039
186,R23,2018-07-26 19:00:00,108926.093,188.798,471.995,391.53800000000047,80.45699999999954
187,R23,2018-07-26 20:00:00,108975.536,24.737,61.842499999999994,49.4429999999993,12.399500000000693
188,R23,2018-07-26 21:00:00,108975.536,,,0.0,
189,R23,2018-07-26 22:00:00,108975.536,,,0.0,
190,R23,2018-07-26 23:00:00,108975.536,,,0.0,
191,R23,2018-07-27 00:00:00,108975.536,,,0.0,
192,R23,2018-07-27 01:00:00,108975.536,,,0.0,
193,R23,2018-07-27 02:00:00,108975.536,,,0.0,
194,R23,2018-07-27 03:00:00,108975.536,,,0.0,
195,R23,2018-07-27 04:00:00,108975.536,,,0.0,
196,R23,2018-07-27 05:00:00,108975.536,,,0.0,
197,R23,2018-07-27 06:00:00,108975.536,,,0.0,
198,R23,2018-07-27 07:00:00,109019.918,27.808,69.52,44.38200000001234,25.137999999987656
199,R23,2018-07-27 08:00:00,109240.057,126.5745,316.43625,220.13899999999558,96.2972500000044
200,R23,2018-07-27 09:00:00,109892.85,328.4095,821.02375,652.7930000000051,168.23074999999483
201,R23,2018-07-27 10:00:00,111058.527,557.9285,1394.82125,1165.676999999996,229.14425000000392
202,R23,2018-07-27 11:00:00,112642.44,760.1165,1900.29125,1583.9130000000005,316.3782499999995
203,R23,2018-07-27 12:00:00,114454.194,917.293,2293.2325,1811.7540000000008,481.47849999999926
204,R23,2018-07-27 13:00:00,116149.063,997.432,2493.58,1694.8689999999915,798.7110000000084
205,R23,2018-07-27 14:00:00,117864.913,1014.3075,2535.76875,1715.8500000000058,819.9187499999944
206,R23,2018-07-27 15:00:00,119572.705,970.342,2425.855,1707.7920000000013,718.0629999999987
207,R23,2018-07-27 16:00:00,121228.117,826.4605,2066.15125,1655.4119999999966,410.73925000000327
208,R23,2018-07-27 17:00:00,122637.672,642.0835,1605.20875,1409.5550000000076,195.65374999999244
209,R23,2018-07-27 18:00:00,123537.53,405.3085,1013.27125,899.8579999999929,113.41325000000711
210,R23,2018-07-27 19:00:00,123922.357,184.934,462.335,384.8270000000048,77.5079999999952
211,R23,2018-07-27 20:00:00,123975.062,27.0175,67.54375,52.705000000001746,14.838749999998257
212,R23,2018-07-27 21:00:00,123975.062,,,0.0,
213,R23,2018-07-27 22:00:00,123975.062,,,0.0,
214,R23,2018-07-27 23:00:00,123975.062,,,0.0,
215,R23,2018-07-28 00:00:00,123975.062,,,0.0,
216,R23,2018-07-28 01:00:00,123975.062,,,0.0,
217,R23,2018-07-28 02:00:00,123975.062,,,0.0,
218,R23,2018-07-28 03:00:00,123975.062,,,0.0,
219,R23,2018-07-28 04:00:00,123975.062,,,0.0,
220,R23,2018-07-28 05:00:00,123975.062,,,0.0,
221,R23,2018-07-28 06:00:00,123975.062,,,0.0,
222,R23,2018-07-28 07:00:00,124016.595,27.735,69.3375,41.53299999999581,27.804500000004197
223,R23,2018-07-28 08:00:00,124225.439,140.6065,351.51625,208.84399999999732,142.6722500000027
224,R23,2018-07-28 09:00:00,124917.322,357.2195,893.04875,691.8830000000016,201.1657499999984
225,R23,2018-07-28 10:00:00,126125.506,580.051,1450.1275,1208.1839999999938,241.94350000000622
226,R23,2018-07-28 11:00:00,127729.985,775.3985,1938.49625,1604.4790000000066,334.0172499999933
227,R23,2018-07-28 12:00:00,129528.265,918.035,2295.0875,1798.2799999999988,496.80750000000126
228,R23,2018-07-28 13:00:00,131331.523,994.929,2487.3225,1803.257999999987,684.0645000000131
229,R23,2018-07-28 14:00:00,133095.87,1009.8395,2524.59875,1764.3470000000088,760.2517499999913
230,R23,2018-07-28 15:00:00,134793.956,932.323,2330.8075,1698.0860000000102,632.7214999999896
231,R23,2018-07-28 16:00:00,136460.286,814.701,2036.7525,1666.3299999999872,370.42250000001286
232,R23,2018-07-28 17:00:00,137838.42,622.037,1555.0925,1378.13400000002,176.95849999997995
233,R23,2018-07-28 18:00:00,138699.45,379.95,949.875,861.0299999999988,88.84500000000116
234,R23,2018-07-28 19:00:00,139026.456,160.532,401.33,327.00599999999395,74.32400000000604
235,R23,2018-07-28 20:00:00,139059.383,18.8175,47.04375,32.92699999999604,14.116750000003961
236,R23,2018-07-28 21:00:00,139059.383,,,0.0,
237,R23,2018-07-28 22:00:00,139059.383,,,0.0,
238,R23,2018-07-28 23:00:00,139059.383,,,0.0,
239,R23,2018-07-29 00:00:00,139059.383,,,0.0,
240,R23,2018-07-29 01:00:00,139059.383,,,0.0,
241,R23,2018-07-29 02:00:00,139059.383,,,0.0,
242,R23,2018-07-29 03:00:00,139059.383,,,0.0,
243,R23,2018-07-29 04:00:00,139059.383,,,0.0,
244,R23,2018-07-29 05:00:00,139059.383,,,0.0,
245,R23,2018-07-29 06:00:00,139059.383,,,0.0,
246,R23,2018-07-29 07:00:00,139093.522,26.58,66.45,34.138999999995576,32.31100000000443
247,R23,2018-07-29 08:00:00,139291.261,133.5685,333.92125,197.7390000000014,136.1822499999986
248,R23,2018-07-29 09:00:00,139967.214,351.28,878.1999999999999,675.9530000000086,202.24699999999132
249,R23,2018-07-29 10:00:00,141103.938,546.0445,1365.11125,1136.7239999999874,228.3872500000125
250,R23,2018-07-29 11:00:00,142708.999,770.4925,1926.2312499999998,1605.061000000016,321.17024999998375
251,R23,2018-07-29 12:00:00,144583.261,909.3415,2273.35375,1874.261999999988,399.0917500000123
252,R23,2018-07-29 13:00:00,146413.373,986.7335,2466.83375,1830.1119999999937,636.7217500000061
253,R23,2018-07-29 14:00:00,148214.779,983.632,2459.08,1801.4060000000172,657.6739999999827
254,R23,2018-07-29 15:00:00,149981.07,939.9405,2349.85125,1766.2909999999974,583.5602500000027
255,R23,2018-07-29 16:00:00,151625.47,807.852,2019.63,1644.3999999999942,375.23000000000593
256,R23,2018-07-29 17:00:00,152951.056,578.6765,1446.69125,1325.5860000000102,121.10524999998984
257,R23,2018-07-29 18:00:00,153787.279,401.3775,1003.44375,836.2229999999981,167.22075000000189
258,R23,2018-07-29 19:00:00,154049.852,117.757,294.3925,262.57300000000396,31.819499999996026
259,R23,2018-07-29 20:00:00,154117.887,36.8395,92.09875,68.03499999997439,24.063750000025607
260,R23,2018-07-29 21:00:00,154117.887,,,0.0,
261,R23,2018-07-29 22:00:00,154117.887,,,0.0,
262,R23,2018-07-29 23:00:00,154117.887,,,0.0,
263,R23,2018-07-30 00:00:00,154117.887,,,0.0,
264,R23,2018-07-30 01:00:00,154117.887,,,0.0,
265,R23,2018-07-30 02:00:00,154117.887,,,0.0,
266,R23,2018-07-30 03:00:00,154117.887,,,0.0,
267,R23,2018-07-30 04:00:00,154117.887,,,0.0,
268,R23,2018-07-30 05:00:00,154117.887,,,0.0,
269,R23,2018-07-30 06:00:00,154117.887,,,0.0,
270,R23,2018-07-30 07:00:00,154148.911,20.441,51.1025,31.02400000000489,20.07849999999511
271,R23,2018-07-30 08:00:00,154321.959,82.859,207.1475,173.04800000000978,34.09949999999023
272,R23,2018-07-30 09:00:00,154621.268,140.3665,350.91625,299.3090000000084,51.60724999999161
273,R23,2018-07-30 10:00:00,155138.199,181.6375,454.09375,516.9309999999823,-62.837249999982305
274,R23,2018-07-30 11:00:00,155929.156,346.7595,866.89875,790.9569999999949,75.94175000000507
275,R23,2018-07-30 12:00:00,157591.183,887.5875,2218.96875,1662.0270000000019,556.9417499999981
276,R23,2018-07-30 13:00:00,159492.022,988.374,2470.935,1900.8390000000072,570.0959999999927
277,R23,2018-07-30 14:00:00,161288.87,1003.2105,2508.02625,1796.8479999999981,711.1782500000018
278,R23,2018-07-30 15:00:00,162996.158,890.655,2226.6375,1707.2880000000005,519.3494999999994
279,R23,2018-07-30 16:00:00,164688.562,802.459,2006.1474999999998,1692.4040000000095,313.74349999999026
280,R23,2018-07-30 17:00:00,166043.997,617.619,1544.0475,1355.4349999999977,188.61250000000223
281,R23,2018-07-30 18:00:00,166924.389,397.062,992.655,880.3919999999925,112.26300000000742
282,R23,2018-07-30 19:00:00,167273.825,168.519,421.2975,349.43600000001607,71.86149999998395
283,R23,2018-07-30 20:00:00,167310.069,21.092,52.73,36.24399999997695,16.486000000023047
284,R23,2018-07-30 21:00:00,167310.069,,,0.0,
285,R23,2018-07-30 22:00:00,167310.069,,,0.0,
286,R23,2018-07-30 23:00:00,167310.069,,,0.0,
287,R23,2018-07-31 00:00:00,167310.069,,,0.0,
288,R23,2018-07-31 01:00:00,167310.069,,,0.0,
289,R23,2018-07-31 02:00:00,167310.069,,,0.0,
290,R23,2018-07-31 03:00:00,167310.069,,,0.0,
291,R23,2018-07-31 04:00:00,167310.069,,,0.0,
292,R23,2018-07-31 05:00:00,167310.069,,,0.0,
293,R23,2018-07-31 06:00:00,167310.069,,,0.0,
294,R23,2018-07-31 07:00:00,167325.58,15.0425,37.60625,15.510999999998603,22.0952500000014
295,R23,2018-07-31 08:00:00,167551.984,95.505,238.7625,226.40400000000955,12.358499999990443
296,R23,2018-07-31 09:00:00,168004.466,170.141,425.3525,452.48199999998906,-27.129499999989036
297,R23,2018-07-31 10:00:00,168917.731,370.701,926.7525,913.265000000014,13.487499999986085
298,R23,2018-07-31 11:00:00,170397.159,734.6825,1836.70625,1479.4280000000144,357.2782499999855
299,R23,2018-07-31 12:00:00,171889.66,772.247,1930.6175,1492.5009999999893,438.1165000000108
300,R23,2018-07-31 13:00:00,173286.037,669.827,1674.5675,1396.3770000000077,278.1904999999924
301,R23,2018-07-31 14:00:00,174509.829,631.919,1579.7975,1223.7919999999867,356.00550000001317
302,R23,2018-07-31 15:00:00,175779.487,401.0085,1002.5212500000001,1269.6579999999958,-267.1367499999957
303,R23,2018-07-31 16:00:00,177246.741,798.211,1995.5275,1467.2540000000154,528.2734999999846
304,R23,2018-07-31 17:00:00,178660.486,643.667,1609.1675,1413.7449999999953,195.42250000000467
305,R23,2018-07-31 18:00:00,179675.452,482.664,1206.66,1014.9659999999858,191.69400000001428
306,R23,2018-07-31 19:00:00,180016.637,148.8855,372.21375,341.1849999999977,31.028750000002333
307,R23,2018-07-31 20:00:00,180049.18,18.4035,46.00875,32.54300000000512,13.465749999994877
308,R23,2018-07-31 21:00:00,180049.18,,,0.0,
309,R23,2018-07-31 22:00:00,180049.18,,,0.0,
310,R23,2018-07-31 23:00:00,180049.18,,,0.0,
311,R23,2018-08-01 00:00:00,180049.18,,,0.0,
312,R23,2018-08-01 01:00:00,180049.18,,,0.0,
313,R23,2018-08-01 02:00:00,180049.18,,,0.0,
314,R23,2018-08-01 03:00:00,180049.18,,,0.0,
315,R23,2018-08-01 04:00:00,180049.18,,,0.0,
316,R23,2018-08-01 05:00:00,180049.18,,,0.0,
317,R23,2018-08-01 06:00:00,180049.18,,,0.0,
318,R23,2018-08-01 07:00:00,180076.29,23.3145,58.28625,27.110000000015134,31.17624999998487
319,R23,2018-08-01 08:00:00,180265.097,128.4055,321.01375,188.8070000000007,132.20674999999932
320,R23,2018-08-01 09:00:00,180914.663,339.8075,849.51875,649.5659999999916,199.95275000000834
321,R23,2018-08-01 10:00:00,182067.477,543.2235,1358.0587499999997,1152.814000000013,205.24474999998665
322,R23,2018-08-01 11:00:00,183614.842,746.726,1866.815,1547.3649999999907,319.45000000000937
323,R23,2018-08-01 12:00:00,185425.514,888.081,2220.2025,1810.6719999999914,409.5305000000085
324,R23,2018-08-01 13:00:00,187267.088,975.938,2439.845,1841.5739999999932,598.2710000000066
325,R23,2018-08-01 14:00:00,189096.546,988.4645,2471.16125,1829.4580000000133,641.7032499999868
326,R23,2018-08-01 15:00:00,190866.228,915.0835,2287.70875,1769.6820000000007,518.0267499999991
327,R23,2018-08-01 16:00:00,192545.006,795.926,1989.815,1678.7779999999912,311.0370000000089
328,R23,2018-08-01 17:00:00,193866.37,585.401,1463.5025,1321.3640000000014,142.13849999999866
329,R23,2018-08-01 18:00:00,194560.359,292.628,731.57,693.9890000000014,37.58099999999865
330,R23,2018-08-01 19:00:00,194909.338,170.197,425.4925,348.9789999999921,76.51350000000792
331,R23,2018-08-01 20:00:00,194953.445,21.926,54.81499999999999,44.10700000001816,10.70799999998183
332,R23,2018-08-01 21:00:00,194953.445,,,0.0,
333,R23,2018-08-01 22:00:00,194953.445,,,0.0,
334,R23,2018-08-01 23:00:00,194953.445,,,0.0,
335,R23,2018-08-02 00:00:00,194953.445,,,0.0,
336,R23,2018-08-02 01:00:00,194953.445,,,0.0,
337,R23,2018-08-02 02:00:00,194953.445,,,0.0,
338,R23,2018-08-02 03:00:00,194953.445,,,0.0,
339,R23,2018-08-02 04:00:00,194953.445,,,0.0,
340,R23,2018-08-02 05:00:00,194953.445,,,0.0,
341,R23,2018-08-02 06:00:00,194953.445,,,0.0,
342,R23,2018-08-02 07:00:00,194953.445,,,0.0,
343,R23,2018-08-02 08:00:00,194953.445,,,0.0,
344,R23,2018-08-02 09:00:00,194953.445,,,0.0,
345,R23,2018-08-02 10:00:00,195513.288,532.585,1331.4625,559.8429999999935,771.6195000000066
346,R23,2018-08-02 11:00:00,197009.708,755.787,1889.4675,1496.4200000000128,393.04749999998717
347,R23,2018-08-02 12:00:00,198813.527,897.1415,2242.85375,1803.8189999999886,439.0347500000116
348,R23,2018-08-02 13:00:00,200763.681,1011.5155,2528.78875,1950.1540000000095,578.6347499999906
349,R23,2018-08-02 14:00:00,202660.259,1026.4735,2566.18375,1896.5779999999795,669.6057500000206
350,R23,2018-08-02 15:00:00,204463.573,928.697,2321.7425,1803.314000000013,518.4284999999868
351,R23,2018-08-02 16:00:00,206165.33,792.1145,1980.28625,1701.7569999999832,278.5292500000169
352,R23,2018-08-02 17:00:00,207520.921,613.1965,1532.99125,1355.591000000015,177.40024999998514
353,R23,2018-08-02 18:00:00,208382.278,386.862,967.155,861.3569999999891,105.79800000001092
354,R23,2018-08-02 19:00:00,208713.435,164.5245,411.31125,331.1570000000065,80.15424999999345
355,R23,2018-08-02 20:00:00,208744.624,17.1565,42.89125,31.18900000001304,11.702249999986961
356,R23,2018-08-02 21:00:00,208744.624,,,0.0,
357,R23,2018-08-02 22:00:00,208744.624,,,0.0,
358,R23,2018-08-02 23:00:00,208744.624,,,0.0,
359,R27,2018-09-14 02:30:00,5220831.0,0.576530293,0.06846297229375,,
360,R27,2018-09-14 02:45:00,5220831.0,0.796345532,0.094566031925,0.0,0.094566031925
361,R27,2018-09-14 03:00:00,5220831.0,0.600885421,0.07135514374374999,0.0,0.07135514374374999
362,R27,2018-09-14 03:15:00,5220831.0,0.530158073,0.06295627116875,0.0,0.06295627116875
363,R27,2018-09-14 03:30:00,5220831.0,0.311102383,0.036943407981249995,0.0,0.036943407981249995
364,R27,2018-09-14 03:45:00,5220831.0,0.470094524,0.055823724724999996,0.0,0.055823724724999996
365,R27,2018-09-14 04:00:00,5220831.0,0.616896585,0.07325646946875,0.0,0.07325646946875
366,R27,2018-09-14 04:15:00,5220831.0,0.295892805,0.03513727059375,0.0,0.03513727059375
367,R27,2018-09-14 04:30:00,5220831.0,0.306548387,0.03640262095625,0.0,0.03640262095625
368,R27,2018-09-14 04:45:00,5220831.0,0.682324067,0.08102598295625,0.0,0.08102598295625
369,R27,2018-09-14 05:00:00,5220831.0,0.979746431,0.11634488868125,0.0,0.11634488868125
370,R27,2018-09-14 05:15:00,5220831.0,1.093088627,0.12980427445625,0.0,0.12980427445625
371,R27,2018-09-14 05:30:00,5220831.0,3.197147727,0.37966129258125,0.0,0.37966129258125
372,R27,2018-09-14 05:45:00,5220831.0,7.0827353,0.841074816875,0.0,0.841074816875
373,R27,2018-09-14 06:00:00,5220831.0,7.559703588,0.897714801075,0.0,0.897714801075
374,R27,2018-09-14 06:15:00,5220831.0,9.147242308,1.086235024075,0.0,1.086235024075
375,R27,2018-09-14 06:30:00,5220831.0,12.80299425,1.5203555671875,0.0,1.5203555671875
376,R27,2018-09-14 06:45:00,5220831.0,18.94480276,2.24969532775,0.0,2.24969532775
377,R27,2018-09-14 07:00:00,5220831.0,15.64578962,1.857937517375,0.0,1.857937517375
378,R27,2018-09-14 07:15:00,5220831.0,6.816490412,0.809458236425,0.0,0.809458236425
379,R27,2018-09-14 07:30:00,5220831.0,7.184653759,0.85317763388125,0.0,0.85317763388125
380,R27,2018-09-14 07:45:00,5220831.0,12.67285991,1.5049021143124999,0.0,1.5049021143124999
381,R27,2018-09-14 08:00:00,5220831.0,19.85754776,2.3580837965,0.0,2.3580837965
382,R27,2018-09-14 08:15:00,5220832.0,26.32599926,3.126212412125,1.0,2.126212412125
383,R27,2018-09-14 08:30:00,5220834.0,27.44650745,3.2592727596874997,2.0,1.2592727596874997
384,R27,2018-09-14 08:45:00,5220834.0,23.41167259,2.7801361200624997,0.0,2.7801361200624997
385,R27,2018-09-14 09:00:00,5220834.0,25.13297749,2.9845410769375,0.0,2.9845410769375
386,R27,2018-09-14 09:15:00,5220834.0,28.33849335,3.3651960853125003,0.0,3.3651960853125003
387,R27,2018-09-14 09:30:00,5220836.0,24.47829056,2.906797004,2.0,0.906797004
388,R27,2018-09-14 09:45:00,5220838.0,23.23680592,2.7593707029999996,2.0,0.7593707029999996
389,R27,2018-09-14 10:00:00,5220840.0,42.74545479,5.0760227563125,2.0,3.0760227563124998
390,R27,2018-09-14 10:15:00,5220840.0,54.31205559,6.4495566013125,0.0,6.4495566013125
391,R27,2018-09-14 10:30:00,5220840.0,46.88321304,5.5673815485,0.0,5.5673815485
392,R27,2018-09-14 10:45:00,5220840.0,56.01537323,6.6518255710625,0.0,6.6518255710625
393,R27,2018-09-14 11:00:00,5220840.0,71.96215057,8.5455053801875,0.0,8.5455053801875
394,R27,2018-09-14 11:15:00,5220840.0,62.35454941,7.4046027424375,0.0,7.4046027424375
395,R27,2018-09-14 11:30:00,5220840.0,39.39955616,4.678697294000001,0.0,4.678697294000001
396,R27,2018-09-14 11:45:00,5220840.0,55.92852879,6.641512793812501,0.0,6.641512793812501
397,R27,2018-09-14 12:00:00,5220840.0,67.28370094,7.989939486625,0.0,7.989939486625
398,R27,2018-09-14 12:15:00,5220840.0,47.76009941,5.6715118049375,0.0,5.6715118049375
399,R27,2018-09-14 12:30:00,5220840.0,34.15178299,4.0555242300625,0.0,4.0555242300625
400,R27,2018-09-14 12:45:00,5220840.0,29.6948185,3.526259696875,0.0,3.526259696875
401,R27,2018-09-14 13:00:00,5220840.0,35.69005585,4.2381941321875,0.0,4.2381941321875
402,R27,2018-09-14 13:15:00,5220840.0,39.38136482,4.676537072375,0.0,4.676537072375
403,R27,2018-09-14 13:30:00,5220840.0,47.17050552,5.6014975305,0.0,5.6014975305
404,R27,2018-09-14 13:45:00,5220840.0,53.43829536,6.3457975740000006,0.0,6.3457975740000006
405,R27,2018-09-14 14:00:00,5220840.0,51.57094955,6.1240502590625,0.0,6.1240502590625
406,R27,2018-09-14 14:15:00,5220840.0,41.72417068,4.95474526825,0.0,4.95474526825
407,R27,2018-09-14 14:30:00,5220840.0,29.81975651,3.5410960855625,0.0,3.5410960855625
408,R27,2018-09-14 14:45:00,5220840.0,29.09437466,3.454956990875,0.0,3.454956990875
409,R27,2018-09-14 15:00:00,5220840.0,30.28066921,3.5958294686874996,0.0,3.5958294686874996
410,R27,2018-09-14 15:15:00,5220840.0,30.85575581,3.6641210024375,0.0,3.6641210024375
411,R27,2018-09-14 15:30:00,5220840.0,33.68195418,3.999732058875,0.0,3.999732058875
412,R27,2018-09-14 15:45:00,5220840.0,,,0.0,
413,R27,2018-09-14 16:00:00,5220840.0,,,0.0,
414,R27,2018-09-14 16:15:00,5220840.0,,,0.0,
415,R27,2018-09-14 16:30:00,5220840.0,,,0.0,
416,R27,2018-09-14 16:45:00,5220840.0,,,0.0,
417,R27,2018-09-14 17:00:00,5220840.0,,,0.0,
418,R27,2018-09-14 17:15:00,5220840.0,,,0.0,
419,R27,2018-09-14 17:30:00,5220840.0,,,0.0,
420,R27,2018-09-14 17:45:00,5220840.0,,,0.0,
421,R27,2018-09-14 18:00:00,5220840.0,,,0.0,
422,R27,2018-09-14 18:15:00,5220840.0,,,0.0,
423,R27,2018-09-14 18:30:00,5220840.0,,,0.0,
424,R27,2018-09-14 18:45:00,5220840.0,,,0.0,
425,R27,2018-09-14 19:00:00,5220840.0,,,0.0,
426,R27,2018-09-14 19:15:00,5220840.0,,,0.0,
427,R27,2018-09-14 19:30:00,5220840.0,,,0.0,
428,R27,2018-09-14 19:45:00,5220840.0,,,0.0,
429,R27,2018-09-14 20:00:00,5220840.0,,,0.0,
430,R27,2018-09-14 20:15:00,5220840.0,,,0.0,
431,R27,2018-09-14 20:30:00,5220840.0,,,0.0,
432,R27,2018-09-14 20:45:00,5220840.0,,,0.0,
433,R27,2018-09-14 21:00:00,5220840.0,,,0.0,
434,R27,2018-09-14 21:15:00,5220840.0,,,0.0,
435,R27,2018-09-14 21:30:00,5220840.0,,,0.0,
436,R27,2018-09-14 21:45:00,5220840.0,,,0.0,
437,R27,2018-09-14 22:00:00,5220840.0,,,0.0,
438,R27,2018-09-14 22:15:00,5220840.0,,,0.0,
439,R27,2018-09-14 22:30:00,5220840.0,,,0.0,
440,R27,2018-09-14 22:45:00,5220840.0,,,0.0,
441,R27,2018-09-14 23:00:00,5220840.0,,,0.0,
442,R27,2018-09-14 23:15:00,5220840.0,,,0.0,
443,R27,2018-09-14 23:30:00,5220840.0,,,0.0,
444,R27,2018-09-14 23:45:00,5220840.0,,,0.0,
445,R27,2018-09-15 00:00:00,5220840.0,,,0.0,
446,R27,2018-09-15 00:15:00,5220840.0,,,0.0,
447,R27,2018-09-15 00:30:00,5220840.0,,,0.0,
448,R27,2018-09-15 00:45:00,5220840.0,,,0.0,
449,R27,2018-09-15 01:00:00,5220840.0,,,0.0,
450,R27,2018-09-15 01:15:00,5220840.0,,,0.0,
451,R27,2018-09-15 01:30:00,5220840.0,,,0.0,
452,R27,2018-09-15 01:45:00,5220840.0,,,0.0,
453,R27,2018-09-15 02:00:00,5220840.0,,,0.0,
454,R27,2018-09-15 02:15:00,5220840.0,,,0.0,
455,R27,2018-09-15 02:30:00,5220840.0,,,0.0,
456,R27,2018-09-15 02:45:00,5220840.0,,,0.0,
457,R27,2018-09-15 03:00:00,5220840.0,,,0.0,
458,R27,2018-09-15 03:15:00,5220840.0,,,0.0,
459,R27,2018-09-15 03:30:00,5220840.0,,,0.0,
460,R27,2018-09-15 03:45:00,5220840.0,,,0.0,
461,R27,2018-09-15 04:00:00,5220840.0,,,0.0,
462,R27,2018-09-15 04:15:00,5220840.0,,,0.0,
463,R27,2018-09-15 04:30:00,5220840.0,,,0.0,
464,R27,2018-09-15 04:45:00,5220840.0,,,0.0,
465,R27,2018-09-15 05:00:00,5220840.0,,,0.0,
466,R27,2018-09-15 05:15:00,5220840.0,,,0.0,
467,R27,2018-09-15 05:30:00,5220840.0,,,0.0,
468,R27,2018-09-15 05:45:00,5220840.0,,,0.0,
469,R27,2018-09-15 06:00:00,5220840.0,,,0.0,
470,R27,2018-09-15 06:15:00,5220840.0,,,0.0,
471,R27,2018-09-15 06:30:00,5220840.0,,,0.0,
472,R27,2018-09-15 06:45:00,5220840.0,,,0.0,
473,R27,2018-09-15 07:00:00,5220840.0,,,0.0,
474,R27,2018-09-15 07:15:00,5220840.0,,,0.0,
475,R27,2018-09-15 07:30:00,5220840.0,,,0.0,
476,R27,2018-09-15 07:45:00,5220840.0,,,0.0,
477,R27,2018-09-15 08:00:00,5220840.0,,,0.0,
478,R27,2018-09-15 08:15:00,5220840.0,,,0.0,
479,R27,2018-09-15 08:30:00,5220840.0,,,0.0,
480,R27,2018-09-15 08:45:00,5220840.0,,,0.0,
481,R27,2018-09-15 09:00:00,5220840.0,,,0.0,
482,R27,2018-09-15 09:15:00,5220840.0,,,0.0,
483,R27,2018-09-15 09:30:00,5220840.0,,,0.0,
484,R27,2018-09-15 09:45:00,5220840.0,,,0.0,
485,R27,2018-09-15 10:00:00,5220840.0,,,0.0,
486,R27,2018-09-15 10:15:00,5220840.0,,,0.0,
487,R27,2018-09-15 10:30:00,5220840.0,,,0.0,
488,R27,2018-09-15 10:45:00,5220840.0,,,0.0,
489,R27,2018-09-15 11:00:00,5220840.0,,,0.0,
490,R27,2018-09-15 11:15:00,5220840.0,,,0.0,
491,R27,2018-09-15 11:30:00,5220840.0,,,0.0,
492,R27,2018-09-15 11:45:00,5220840.0,,,0.0,
493,R27,2018-09-15 12:00:00,5220840.0,,,0.0,
494,R27,2018-09-15 12:15:00,5220840.0,,,0.0,
495,R27,2018-09-15 12:30:00,5220840.0,,,0.0,
496,R27,2018-09-15 12:45:00,5220840.0,,,0.0,
497,R27,2018-09-15 13:00:00,5220840.0,,,0.0,
498,R27,2018-09-15 13:15:00,5220840.0,,,0.0,
499,R27,2018-09-15 13:30:00,5220840.0,,,0.0,
500,R27,2018-09-15 13:45:00,5220840.0,,,0.0,
501,R27,2018-09-15 14:00:00,5220840.0,,,0.0,
502,R27,2018-09-15 14:15:00,5220840.0,,,0.0,
503,R27,2018-09-15 14:30:00,5220840.0,,,0.0,
504,R27,2018-09-15 14:45:00,5220840.0,,,0.0,
505,R27,2018-09-15 15:00:00,5220840.0,,,0.0,
506,R27,2018-09-15 15:15:00,5220840.0,,,0.0,
507,R27,2018-09-15 15:30:00,5220840.0,,,0.0,
508,R27,2018-09-15 15:45:00,5220840.0,,,0.0,
509,R27,2018-09-15 16:00:00,5220840.0,,,0.0,
510,R27,2018-09-15 16:15:00,5220840.0,,,0.0,
511,R27,2018-09-15 16:30:00,5220840.0,,,0.0,
512,R27,2018-09-15 16:45:00,5220840.0,,,0.0,
513,R27,2018-09-15 17:00:00,5220840.0,,,0.0,
514,R27,2018-09-15 17:15:00,5220840.0,,,0.0,
515,R27,2018-09-15 17:30:00,5220840.0,,,0.0,
516,R27,2018-09-15 17:45:00,5220840.0,,,0.0,
517,R27,2018-09-15 18:00:00,5220840.0,,,0.0,
518,R27,2018-09-15 18:15:00,5220840.0,,,0.0,
519,R27,2018-09-15 18:30:00,5220840.0,,,0.0,
520,R27,2018-09-15 18:45:00,5220840.0,,,0.0,
521,R27,2018-09-15 19:00:00,5220840.0,,,0.0,
522,R27,2018-09-15 19:15:00,5220840.0,,,0.0,
523,R27,2018-09-15 19:30:00,5220840.0,,,0.0,
524,R27,2018-09-15 19:45:00,5220840.0,,,0.0,
525,R27,2018-09-15 20:00:00,5220840.0,,,0.0,
526,R27,2018-09-15 20:15:00,5220840.0,,,0.0,
527,R27,2018-09-15 20:30:00,5220840.0,,,0.0,
528,R27,2018-09-15 20:45:00,5220840.0,,,0.0,
529,R27,2018-09-15 21:00:00,5220840.0,,,0.0,
530,R27,2018-09-15 21:15:00,5220840.0,,,0.0,
531,R27,2018-09-15 21:30:00,5220840.0,,,0.0,
532,R27,2018-09-15 21:45:00,5220840.0,,,0.0,
533,R27,2018-09-15 22:00:00,5220840.0,,,0.0,
534,R27,2018-09-15 22:15:00,5220840.0,,,0.0,
535,R27,2018-09-15 22:30:00,5220840.0,,,0.0,
536,R27,2018-09-15 22:45:00,5220840.0,,,0.0,
537,R27,2018-09-15 23:00:00,5220840.0,,,0.0,
538,R27,2018-09-15 23:15:00,5220840.0,,,0.0,
539,R27,2018-09-15 23:30:00,5220840.0,,,0.0,
540,R27,2018-09-15 23:45:00,5220840.0,,,0.0,
541,R27,2018-09-16 00:00:00,5220840.0,,,0.0,
542,R27,2018-09-16 00:15:00,5220840.0,,,0.0,
543,R27,2018-09-16 00:30:00,5220840.0,,,0.0,
544,R27,2018-09-16 00:45:00,5220840.0,,,0.0,
545,R27,2018-09-16 01:00:00,5220840.0,,,0.0,
546,R27,2018-09-16 01:15:00,5220840.0,,,0.0,
547,R27,2018-09-16 01:30:00,5220840.0,,,0.0,
548,R27,2018-09-16 01:45:00,5220840.0,,,0.0,
549,R27,2018-09-16 02:00:00,5220840.0,,,0.0,
550,R27,2018-09-16 02:15:00,5220840.0,,,0.0,
551,R27,2018-09-16 02:30:00,5220840.0,,,0.0,
552,R27,2018-09-16 02:45:00,5220840.0,,,0.0,
553,R27,2018-09-16 03:00:00,5220840.0,,,0.0,
554,R27,2018-09-16 03:15:00,5220840.0,,,0.0,
555,R27,2018-09-16 03:30:00,5220840.0,,,0.0,
556,R27,2018-09-16 03:45:00,5220840.0,,,0.0,
557,R27,2018-09-16 04:00:00,5220840.0,,,0.0,
558,R27,2018-09-16 04:15:00,5220840.0,,,0.0,
559,R27,2018-09-16 04:30:00,5220840.0,,,0.0,
560,R27,2018-09-16 04:45:00,5220840.0,,,0.0,
561,R27,2018-09-16 05:00:00,5220840.0,,,0.0,
562,R27,2018-09-16 05:15:00,5220840.0,,,0.0,
563,R27,2018-09-16 05:30:00,5220840.0,,,0.0,
564,R27,2018-09-16 05:45:00,5220840.0,,,0.0,
565,R27,2018-09-16 06:00:00,5220840.0,,,0.0,
566,R27,2018-09-16 06:15:00,5220840.0,,,0.0,
567,R27,2018-09-16 06:30:00,5220840.0,,,0.0,
568,R27,2018-09-16 06:45:00,5220840.0,,,0.0,
569,R27,2018-09-16 07:00:00,5220840.0,,,0.0,
570,R27,2018-09-16 07:15:00,5220840.0,,,0.0,
571,R27,2018-09-16 07:30:00,5220840.0,,,0.0,
572,R27,2018-09-16 07:45:00,5220840.0,,,0.0,
573,R27,2018-09-16 08:00:00,5220840.0,,,0.0,
574,R27,2018-09-16 08:15:00,5220840.0,,,0.0,
575,R27,2018-09-16 08:30:00,5220840.0,,,0.0,
576,R27,2018-09-16 08:45:00,5220840.0,,,0.0,
577,R27,2018-09-16 09:00:00,5220840.0,,,0.0,
578,R27,2018-09-16 09:15:00,5220840.0,,,0.0,
579,R27,2018-09-16 09:30:00,5220840.0,,,0.0,
580,R27,2018-09-16 09:45:00,5220840.0,,,0.0,
581,R27,2018-09-16 10:00:00,5220840.0,,,0.0,
582,R27,2018-09-16 10:15:00,5220840.0,,,0.0,
583,R27,2018-09-16 10:30:00,5220840.0,,,0.0,
584,R27,2018-09-16 10:45:00,5220840.0,,,0.0,
585,R27,2018-09-16 11:00:00,5220840.0,,,0.0,
586,R27,2018-09-16 11:15:00,5220840.0,,,0.0,
587,R27,2018-09-16 11:30:00,5220840.0,,,0.0,
588,R27,2018-09-16 11:45:00,5220840.0,,,0.0,
589,R27,2018-09-16 12:00:00,5220840.0,,,0.0,
590,R27,2018-09-16 12:15:00,5220840.0,,,0.0,
591,R27,2018-09-16 12:30:00,5220840.0,,,0.0,
592,R27,2018-09-16 12:45:00,5220840.0,,,0.0,
593,R27,2018-09-16 13:00:00,5220840.0,,,0.0,
594,R27,2018-09-16 13:15:00,5220840.0,,,0.0,
595,R27,2018-09-16 13:30:00,5220840.0,,,0.0,
596,R27,2018-09-16 13:45:00,5220840.0,,,0.0,
597,R27,2018-09-16 14:00:00,5220840.0,,,0.0,
598,R27,2018-09-16 14:15:00,5220840.0,,,0.0,
599,R27,2018-09-16 14:30:00,5220840.0,,,0.0,
600,R27,2018-09-16 14:45:00,5220840.0,,,0.0,
601,R27,2018-09-16 15:00:00,5220840.0,27.85177898,3.307398753875,0.0,3.307398753875
602,R27,2018-09-16 15:15:00,5220840.0,26.87187576,3.1910352465000003,0.0,3.1910352465000003
603,R27,2018-09-16 15:30:00,5220840.0,25.30456066,3.004916578375,0.0,3.004916578375
604,R27,2018-09-16 15:45:00,5220840.0,22.42121315,2.6625190615625,0.0,2.6625190615625
605,R27,2018-09-16 16:00:00,5220840.0,21.80571365,2.5894284959375,0.0,2.5894284959375
606,R27,2018-09-16 16:15:00,5220840.0,23.29872131,2.7667231555625005,0.0,2.7667231555625005
607,R27,2018-09-16 16:30:00,5220840.0,22.70402145,2.6961025471875,0.0,2.6961025471875
608,R27,2018-09-16 16:45:00,5220843.0,16.00414753,1.9004925191875002,3.0,-1.0995074808124998
609,R27,2018-09-16 17:00:00,5220845.0,8.542674303,1.01444257348125,2.0,-0.9855574265187499
610,R27,2018-09-16 17:15:00,5220847.0,2.773234665,0.32932161646874997,2.0,-1.67067838353125
611,R27,2018-09-16 17:30:00,5220849.0,0.508090191,0.060335710181249995,2.0,-1.93966428981875
612,R27,2018-09-16 17:45:00,5220851.0,0.203844182,0.0242064966125,2.0,-1.9757935033875
613,R27,2018-09-16 18:00:00,5220853.0,0.225141838,0.0267355932625,2.0,-1.9732644067375
614,R27,2018-09-16 18:15:00,5220855.0,0.10116227,0.0120130195625,2.0,-1.9879869804375
615,R27,2018-09-16 18:30:00,5220855.0,0.10420382,0.012374203625,0.0,0.012374203625
616,R27,2018-09-16 18:45:00,5220855.0,0.098118956,0.011651626024999999,0.0,0.011651626024999999
617,R27,2018-09-16 19:00:00,5220855.0,0.015212084,0.0018064349750000002,0.0,0.0018064349750000002
618,R27,2018-09-16 19:15:00,5220855.0,0.025100279,0.0029806581312499998,0.0,0.0029806581312499998
619,R27,2018-09-16 19:30:00,5220855.0,0.028143608,0.0033420534499999997,0.0,0.0033420534499999997
620,R27,2018-09-16 19:45:00,5220855.0,0.038793867,0.00460677170625,0.0,0.00460677170625
621,R27,2018-09-16 20:00:00,5220855.0,0.162027836,0.019240805525,0.0,0.019240805525
622,R27,2018-09-16 20:15:00,5220855.0,0.567485631,0.06738891868125,0.0,0.06738891868125
623,R27,2018-09-16 20:30:00,5220855.0,0.448817482,0.053297075987500005,0.0,0.053297075987500005
624,R27,2018-09-16 20:45:00,5220855.0,0.022060623,0.00261969898125,0.0,0.00261969898125
625,R27,2018-09-16 21:00:00,5220855.0,0.0,0.0,0.0,0.0
626,R27,2018-09-16 21:15:00,5220855.0,0.0,0.0,0.0,0.0
627,R27,2018-09-16 21:30:00,5220855.0,0.0,0.0,0.0,0.0
628,R27,2018-09-16 21:45:00,5220855.0,0.055532034,0.0065944290375,0.0,0.0065944290375
629,R27,2018-09-16 22:00:00,5220855.0,0.271574866,0.0322495153375,0.0,0.0322495153375
630,R27,2018-09-16 22:15:00,5220855.0,0.284507178,0.0337852273875,0.0,0.0337852273875
631,R27,2018-09-16 22:30:00,5220855.0,0.068464346,0.0081301410875,0.0,0.0081301410875
632,R27,2018-09-16 22:45:00,5220855.0,0.0,0.0,0.0,0.0
633,R27,2018-09-16 23:00:00,5220855.0,0.0,0.0,0.0,0.0
634,R27,2018-09-16 23:15:00,5220855.0,0.020539248,0.0024390357,0.0,0.0024390357
635,R27,2018-09-16 23:30:00,5220855.0,0.037274871,0.00442639093125,0.0,0.00442639093125
636,R27,2018-09-16 23:45:00,5220855.0,0.016735623,0.00198735523125,0.0,0.00198735523125
637,R27,2018-09-17 00:00:00,5220855.0,0.0,0.0,0.0,0.0
638,R27,2018-09-17 00:15:00,5220855.0,0.0,0.0,0.0,0.0
639,R27,2018-09-17 00:30:00,5220855.0,0.093568526,0.011111262462499999,0.0,0.011111262462499999
640,R27,2018-09-17 00:45:00,5220855.0,0.267773844,0.031798143975,0.0,0.031798143975
641,R27,2018-09-17 01:00:00,5220855.0,0.540873393,0.06422871541875,0.0,0.06422871541875
642,R27,2018-09-17 01:15:00,5220855.0,0.735618293,0.08735467229375,0.0,0.08735467229375
643,R27,2018-09-17 01:30:00,5220855.0,0.788106769,0.09358767881874999,0.0,0.09358767881874999
644,R27,2018-09-17 01:45:00,5220855.0,0.646611467,0.07678511170625,0.0,0.07678511170625
645,R27,2018-09-17 02:00:00,5220855.0,0.375795111,0.04462566943125,0.0,0.04462566943125
646,R27,2018-09-17 02:15:00,5220855.0,0.483055174,0.0573628019125,0.0,0.0573628019125
647,R27,2018-09-17 02:30:00,5220855.0,0.635956645,0.07551985159375,0.0,0.07551985159375
648,R27,2018-09-17 02:45:00,5220855.0,0.552276909,0.06558288294375,0.0,0.06558288294375
649,R27,2018-09-17 03:00:00,5220855.0,0.510434955,0.060614150906250004,0.0,0.060614150906250004
650,R27,2018-09-17 03:15:00,5220855.0,0.556836545,0.06612433971875001,0.0,0.06612433971875001
651,R27,2018-09-17 03:30:00,5220855.0,0.499020785,0.059258718218750006,0.0,0.059258718218750006
652,R27,2018-09-17 03:45:00,5220855.0,0.511942267,0.06079314420625,0.0,0.06079314420625
653,R27,2018-09-17 04:00:00,5220855.0,0.493673488,0.058623726699999996,0.0,0.058623726699999996
654,R27,2018-09-17 04:15:00,5220855.0,0.294365928,0.03495595395,0.0,0.03495595395
655,R27,2018-09-17 04:30:00,5220855.0,0.354446188,0.042090484824999996,0.0,0.042090484824999996
656,R27,2018-09-17 04:45:00,5220855.0,0.475379914,0.05645136478750001,0.0,0.05645136478750001
657,R27,2018-09-17 05:00:00,5220855.0,0.876198217,0.10404853826874999,0.0,0.10404853826874999
658,R27,2018-09-17 05:15:00,5220855.0,2.380617559,0.28269833513125003,0.0,0.28269833513125003
659,R27,2018-09-17 05:30:00,5220855.0,7.358517051,0.87382389980625,0.0,0.87382389980625
660,R27,2018-09-17 05:45:00,5220855.0,15.64610004,1.8579743797500001,0.0,1.8579743797500001
661,R27,2018-09-17 06:00:00,5220855.0,29.54471207,3.5084345583125,0.0,3.5084345583125
662,R27,2018-09-17 06:15:00,5220855.0,59.64955521,7.0833846811875,0.0,7.0833846811875
663,R27,2018-09-17 06:30:00,5220855.0,109.1030808,12.955990845,0.0,12.955990845
664,R27,2018-09-17 06:45:00,5220855.0,118.0234146,14.015280483749999,0.0,14.015280483749999
665,R27,2018-09-17 07:00:00,5220855.0,123.5939178,14.67677773875,0.0,14.67677773875
666,R27,2018-09-17 07:15:00,5220855.0,161.8243561,19.216642286874997,0.0,19.216642286874997
667,R27,2018-09-17 07:30:00,5220857.0,236.0819244,28.034728522499996,2.0,26.034728522499996
668,R27,2018-09-17 07:45:00,5220861.0,303.7969666,36.07588978375001,4.0,32.07588978375001
669,R27,2018-09-17 08:00:00,5220870.0,319.4532928,37.93507852,9.0,28.935078519999998
670,R27,2018-09-17 08:15:00,5220888.0,432.1938477,51.323019414375,18.0,33.323019414375
671,R27,2018-09-17 08:30:00,5220900.0,467.2506256,55.48601179,12.0,43.48601179
672,R27,2018-09-17 08:45:00,5220919.0,365.2050934,43.36810484125,19.0,24.368104841250002
673,R27,2018-09-17 09:00:00,5220940.0,473.9694824,56.283876035,21.0,35.283876035
674,R27,2018-09-17 09:15:00,5220976.0,638.6938171,75.84489078062501,36.0,39.84489078062501
675,R27,2018-09-17 09:30:00,5221015.0,621.3791809,73.788777731875,39.0,34.788777731875
676,R27,2018-09-17 09:45:00,5221054.0,762.601593,90.55893916875,39.0,51.55893916875
677,R27,2018-09-17 10:00:00,5221121.0,888.8017883,105.545212360625,67.0,38.545212360625
678,R27,2018-09-17 10:15:00,5221171.0,802.7000732,95.32063369250001,50.0,45.32063369250001
679,R27,2018-09-17 10:30:00,5221213.0,695.9142761,82.63982028687501,42.0,40.63982028687501
680,R27,2018-09-17 10:45:00,5221286.0,726.471283,86.26846485624999,73.0,13.268464856249992
681,R27,2018-09-17 11:00:00,5221329.0,825.4596252,98.0233304925,43.0,55.023330492499994
682,R27,2018-09-17 11:15:00,5221400.0,945.3781128,112.26365089500001,71.0,41.26365089500001
683,R27,2018-09-17 11:30:00,5221510.0,812.0259705,96.42808399687499,110.0,-13.571916003125011
684,R27,2018-09-17 11:45:00,5221608.0,681.6655273,80.947781366875,98.0,-17.052218633124994
685,R27,2018-09-17 12:00:00,5221698.0,795.8707886,94.50965614625,90.0,4.509656146249995
686,R27,2018-09-17 12:15:00,5221772.0,590.4485474,70.11576500375001,74.0,-3.8842349962499867
687,R27,2018-09-17 12:30:00,5221865.0,416.6059875,49.471961015625006,93.0,-43.528038984374994
688,R27,2018-09-17 12:45:00,5221956.0,566.1018372,67.2245931675,91.0,-23.775406832499996
689,R27,2018-09-17 13:00:00,5222067.0,764.2232361,90.751509286875,111.0,-20.248490713124994
690,R27,2018-09-17 13:15:00,5222133.0,820.1003113,97.386911966875,66.0,31.386911966875005
691,R27,2018-09-17 13:30:00,5222226.0,740.742218,87.96313838750001,93.0,-5.03686161249999
692,R27,2018-09-17 13:45:00,5222316.0,696.4197693,82.699847604375,90.0,-7.300152395625005
693,R27,2018-09-17 14:00:00,5222362.0,611.5156708,72.6174859075,46.0,26.617485907499997
694,R27,2018-09-17 14:15:00,5222417.0,544.4844513,64.657528591875,55.0,9.657528591875007
695,R27,2018-09-17 14:30:00,5222497.0,604.0715637,71.733498189375,80.0,-8.266501810625002
696,R27,2018-09-17 14:45:00,5222597.0,590.2822266,70.09601440875,100.0,-29.903985591250006
697,R27,2018-09-17 15:00:00,5222697.0,486.5752869,57.780815319374994,100.0,-42.219184680625006
698,R27,2018-09-17 15:15:00,5222780.0,378.7486877,44.976406664375,83.0,-38.023593335625
699,R27,2018-09-17 15:30:00,5222871.0,301.8119354,35.84016732874999,91.0,-55.15983267125001
700,R27,2018-09-17 15:45:00,5222934.0,165.9921875,19.711572265625,63.0,-43.288427734375
701,R27,2018-09-17 16:00:00,5223008.0,68.73426437,8.1621938939375,74.0,-65.8378061060625
702,R27,2018-09-17 16:15:00,5223087.0,63.00028992,7.481284428,79.0,-71.518715572
703,R27,2018-09-17 16:30:00,5223158.0,55.05430794,6.537699067875,71.0,-64.462300932125
704,R27,2018-09-17 16:45:00,5223210.0,39.47441006,4.687586194625,52.0,-47.312413805375
705,R27,2018-09-17 17:00:00,5223255.0,22.8251214,2.71048316625,45.0,-42.28951683375
706,R27,2018-09-17 17:15:00,5223287.0,9.136580825,1.08496897296875,32.0,-30.91503102703125
707,R27,2018-09-17 17:30:00,5223296.0,1.96597673,0.2334597366875,9.0,-8.7665402633125
708,R27,2018-09-17 17:45:00,5223303.0,0.157308713,0.01868040966875,7.0,-6.98131959033125
709,R27,2018-09-17 18:00:00,5223310.0,0.0,0.0,7.0,-7.0
710,R27,2018-09-17 18:15:00,5223316.0,0.0,0.0,6.0,-6.0
711,R27,2018-09-17 18:30:00,5223319.0,0.000760145,9.026721875e-05,3.0,-2.99990973278125
712,R27,2018-09-17 18:45:00,5223320.0,0.000760145,9.026721875e-05,1.0,-0.99990973278125
713,R27,2018-09-17 19:00:00,5223320.0,0.0,0.0,0.0,0.0
714,R27,2018-09-17 19:15:00,5223320.0,0.0,0.0,0.0,0.0
715,R27,2018-09-17 19:30:00,5223320.0,0.0,0.0,0.0,0.0
716,R27,2018-09-17 19:45:00,5223320.0,0.0,0.0,0.0,0.0
717,R27,2018-09-17 20:00:00,5223320.0,0.0,0.0,0.0,0.0
718,R27,2018-09-17 20:15:00,5223320.0,0.0,0.0,0.0,0.0
719,R27,2018-09-17 20:30:00,5223320.0,0.0,0.0,0.0,0.0
720,R27,2018-09-17 20:45:00,5223320.0,0.014447188,0.001715603575,0.0,0.001715603575
721,R27,2018-09-17 21:00:00,5223320.0,0.024332215,0.00288945053125,0.0,0.00288945053125
722,R27,2018-09-17 21:15:00,5223320.0,0.009885027,0.00117384695625,0.0,0.00117384695625
723,R27,2018-09-17 21:30:00,5223320.0,0.0,0.0,0.0,0.0
724,R27,2018-09-17 21:45:00,5223320.0,0.0,0.0,0.0,0.0
725,R27,2018-09-17 22:00:00,5223320.0,0.0,0.0,0.0,0.0
726,R27,2018-09-17 22:15:00,5223320.0,0.0,0.0,0.0,0.0
727,R27,2018-09-17 22:30:00,5223320.0,0.0,0.0,0.0,0.0
728,R27,2018-09-17 22:45:00,5223320.0,0.0,0.0,0.0,0.0
729,R27,2018-09-17 23:00:00,5223320.0,0.006083558,0.0007224225125,0.0,0.0007224225125
730,R27,2018-09-17 23:15:00,5223320.0,0.019772739,0.00234801275625,0.0,0.00234801275625
731,R27,2018-09-17 23:30:00,5223320.0,0.013689181,0.0016255902437500001,0.0,0.0016255902437500001
732,R27,2018-09-17 23:45:00,5223320.0,0.018251458,0.0021673606375000004,0.0,0.0021673606375000004
733,R27,2018-09-18 00:00:00,5223320.0,0.032700456,0.0038831791500000003,0.0,0.0038831791500000003
734,R27,2018-09-18 00:15:00,5223320.0,0.014448998,0.0017158185125,0.0,0.0017158185125
735,R27,2018-09-18 00:30:00,5223320.0,0.006844373,0.00081276929375,0.0,0.00081276929375
736,R27,2018-09-18 00:45:00,5223320.0,0.006844373,0.00081276929375,0.0,0.00081276929375
737,R27,2018-09-18 01:00:00,5223320.0,0.049432412,0.005870098925000001,0.0,0.005870098925000001
738,R27,2018-09-18 01:15:00,5223320.0,0.049432412,0.005870098925000001,0.0,0.005870098925000001
739,R27,2018-09-18 01:30:00,5223320.0,0.106460042,0.0126421299875,0.0,0.0126421299875
740,R27,2018-09-18 01:45:00,5223320.0,0.280595191,0.03332067893125,0.0,0.03332067893125
741,R27,2018-09-18 02:00:00,5223320.0,0.206073884,0.024471273725000003,0.0,0.024471273725000003
742,R27,2018-09-18 02:15:00,5223320.0,0.047907898,0.0056890628875,0.0,0.0056890628875
743,R27,2018-09-18 02:30:00,5223320.0,0.022812793,0.00270901916875,0.0,0.00270901916875
744,R27,2018-09-18 02:45:00,5223320.0,0.006843631,0.00081268118125,0.0,0.00081268118125
745,R27,2018-09-18 03:00:00,5223320.0,0.0,0.0,0.0,0.0
746,R27,2018-09-18 03:15:00,5223320.0,0.003801876,0.000451472775,0.0,0.000451472775
747,R27,2018-09-18 03:30:00,5223320.0,0.003801876,0.000451472775,0.0,0.000451472775
748,R27,2018-09-18 03:45:00,5223320.0,0.0,0.0,0.0,0.0
749,R27,2018-09-18 04:00:00,5223320.0,0.0,0.0,0.0,0.0
750,R27,2018-09-18 04:15:00,5223320.0,0.0,0.0,0.0,0.0
751,R27,2018-09-18 04:30:00,5223320.0,0.0,0.0,0.0,0.0
752,R27,2018-09-18 04:45:00,5223320.0,0.0,0.0,0.0,0.0
753,R27,2018-09-18 05:00:00,5223320.0,0.174935967,0.02077364608125,0.0,0.02077364608125
754,R27,2018-09-18 05:15:00,5223320.0,2.924509436,0.347285495525,0.0,0.347285495525
755,R27,2018-09-18 05:30:00,5223320.0,21.08465075,2.5038022765625,0.0,2.5038022765625
756,R27,2018-09-18 05:45:00,5223320.0,58.2099247,6.912428558125001,0.0,6.912428558125001
757,R27,2018-09-18 06:00:00,5223320.0,97.25324631,11.548822999312499,0.0,11.548822999312499
758,R27,2018-09-18 06:15:00,5223320.0,154.9709282,18.402797723750002,0.0,18.402797723750002
759,R27,2018-09-18 06:30:00,5223320.0,224.3597717,26.642722889375,0.0,26.642722889375
760,R27,2018-09-18 06:45:00,5223320.0,273.35849,32.461320687500006,0.0,32.461320687500006
761,R27,2018-09-18 07:00:00,5223320.0,327.8495636,38.9321356775,0.0,38.9321356775
762,R27,2018-09-18 07:15:00,5223321.0,404.5863953,48.044634441875004,1.0,47.044634441875004
763,R27,2018-09-18 07:30:00,5223327.0,477.9821625,56.760381796875,6.0,50.760381796875
764,R27,2018-09-18 07:45:00,5223338.0,538.8782654,63.991794016250005,11.0,52.991794016250005
765,R27,2018-09-18 08:00:00,5223358.0,595.9849854,70.77321701625,20.0,50.77321701625
766,R27,2018-09-18 08:15:00,5223386.0,650.3543091,77.229574205625,28.0,49.229574205625
767,R27,2018-09-18 08:30:00,5223421.0,703.4230042,83.53148174875001,35.0,48.53148174875001
768,R27,2018-09-18 08:45:00,5223465.0,752.5215149,89.36192989437501,44.0,45.36192989437501
769,R27,2018-09-18 09:00:00,5223518.0,796.7134399,94.609720988125,53.0,41.609720988125005
770,R27,2018-09-18 09:15:00,5223582.0,838.1519775,99.530547328125,64.0,35.530547328124996
771,R27,2018-09-18 09:30:00,5223653.0,878.3316345,104.30188159687499,71.0,33.30188159687499
772,R27,2018-09-18 09:45:00,5223732.0,911.5344238,108.24471282625001,79.0,29.24471282625001
773,R27,2018-09-18 10:00:00,5223817.0,941.1808472,111.765225605,85.0,26.765225604999998
774,R27,2018-09-18 10:15:00,5223908.0,965.3709412,114.6377992675,91.0,23.6377992675
775,R27,2018-09-18 10:30:00,5224004.0,943.5434265,112.04578189687501,96.0,16.045781896875013
776,R27,2018-09-18 10:45:00,5224104.0,869.7027588,103.2772026075,100.0,3.2772026075000014
777,R27,2018-09-18 11:00:00,5224209.0,899.8477783,106.856923673125,105.0,1.8569236731249958
778,R27,2018-09-18 11:15:00,5224318.0,831.908844,98.789175225,109.0,-10.210824775000006
779,R27,2018-09-18 11:30:00,5224429.0,647.8937378,76.93738136375,111.0,-34.062618636249994
780,R27,2018-09-18 11:45:00,5224542.0,684.6354065,81.300454521875,113.0,-31.699545478125003
781,R27,2018-09-18 12:00:00,5224656.0,874.6014404,103.8589210475,114.0,-10.141078952499996
782,R27,2018-09-18 12:15:00,5224759.0,954.3837891,113.333074955625,103.0,10.333074955624994
783,R27,2018-09-18 12:30:00,5224849.0,960.4056091,114.048166080625,90.0,24.048166080624995
784,R27,2018-09-18 12:45:00,5224956.0,825.0586548,97.9757152575,107.0,-9.0242847425
785,R27,2018-09-18 13:00:00,5225033.0,628.1882019,74.597348975625,77.0,-2.402651024375004
786,R27,2018-09-18 13:15:00,5225104.0,608.8916931,72.305888555625,71.0,1.3058885556250033
787,R27,2018-09-18 13:30:00,5225187.0,618.0033875,73.387902265625,83.0,-9.612097734374998
788,R27,2018-09-18 13:45:00,5225289.0,543.3955536,64.52822198999999,102.0,-37.47177801000001
789,R27,2018-09-18 14:00:00,5225389.0,402.5307617,47.800527951875004,100.0,-52.199472048124996
790,R27,2018-09-18 14:15:00,5225505.0,296.2655563,35.181534810625,116.0,-80.81846518937499
791,R27,2018-09-18 14:30:00,5225585.0,242.6630173,28.816233304375,80.0,-51.183766695624996
792,R27,2018-09-18 14:45:00,5225660.0,202.7782059,24.079911950625,75.0,-50.920088049374996
793,R27,2018-09-18 15:00:00,5225736.0,151.6632156,18.0100068525,76.0,-57.9899931475
794,R27,2018-09-18 15:15:00,5225813.0,123.9613457,14.720409801874998,77.0,-62.279590198125
795,R27,2018-09-18 15:30:00,5225869.0,112.9766159,13.415973138125,56.0,-42.584026861875
796,R27,2018-09-18 15:45:00,5225912.0,118.5640221,14.079477624375,43.0,-28.920522375624998
797,R27,2018-09-18 16:00:00,5225943.0,121.2910385,14.403310821875,31.0,-16.596689178125
798,R27,2018-09-18 16:15:00,5225973.0,105.6413918,12.54491527625,30.0,-17.455084723749998
799,R27,2018-09-18 16:30:00,5225995.0,78.11829758,9.276547837625001,22.0,-12.723452162374999
800,R27,2018-09-18 16:45:00,5226011.0,50.05998802,5.944623577374999,16.0,-10.055376422625
801,R27,2018-09-18 17:00:00,5226025.0,35.08925915,4.1668495240625,14.0,-9.8331504759375
802,R27,2018-09-18 17:15:00,5226038.0,19.14569616,2.273551419,13.0,-10.726448581
803,R27,2018-09-18 17:30:00,5226054.0,4.865198374,0.5777423069125,16.0,-15.4222576930875
804,R27,2018-09-18 17:45:00,5226068.0,0.764642477,0.09080129414375,14.0,-13.90919870585625
805,R27,2018-09-18 18:00:00,5226079.0,0.0,0.0,11.0,-11.0
806,R27,2018-09-18 18:15:00,5226086.0,0.0,0.0,7.0,-7.0
807,R27,2018-09-18 18:30:00,5226091.0,0.0,0.0,5.0,-5.0
808,R27,2018-09-18 18:45:00,5226093.0,0.0,0.0,2.0,-2.0
809,R27,2018-09-18 19:00:00,5226093.0,0.0,0.0,0.0,0.0
810,R27,2018-09-18 19:15:00,5226093.0,0.123171158,0.0146265750125,0.0,0.0146265750125
811,R27,2018-09-18 19:30:00,5226093.0,0.241782904,0.028711719849999998,0.0,0.028711719849999998
812,R27,2018-09-18 19:45:00,5226093.0,0.126215107,0.014988043956249999,0.0,0.014988043956249999
813,R27,2018-09-18 20:00:00,5226093.0,0.007603362,0.0009028992375,0.0,0.0009028992375
814,R27,2018-09-18 20:15:00,5226093.0,0.0,0.0,0.0,0.0
815,R27,2018-09-18 20:30:00,5226093.0,0.029654205,0.00352143684375,0.0,0.00352143684375
816,R27,2018-09-18 20:45:00,5226093.0,0.334557176,0.03972866465,0.0,0.03972866465
817,R27,2018-09-18 21:00:00,5226093.0,0.478264883,0.056793954856249995,0.0,0.056793954856249995
818,R27,2018-09-18 21:15:00,5226093.0,0.173361912,0.02058672705,0.0,0.02058672705
819,R27,2018-09-18 21:30:00,5226093.0,0.028133351,0.00334083543125,0.0,0.00334083543125
820,R27,2018-09-18 21:45:00,5226093.0,0.102649067,0.01218957670625,0.0,0.01218957670625
821,R27,2018-09-18 22:00:00,5226093.0,0.122418113,0.014537150918749998,0.0,0.014537150918749998
822,R27,2018-09-18 22:15:00,5226093.0,0.047902398,0.0056884097625,0.0,0.0056884097625
823,R27,2018-09-18 22:30:00,5226093.0,0.0,0.0,0.0,0.0
824,R27,2018-09-18 22:45:00,5226093.0,0.0,0.0,0.0,0.0
825,R27,2018-09-18 23:00:00,5226093.0,0.006843217,0.00081263201875,0.0,0.00081263201875
826,R27,2018-09-18 23:15:00,5226093.0,0.0,0.0,0.0,0.0
827,R27,2018-09-18 23:30:00,5226093.0,0.0,0.0,0.0,0.0
828,R27,2018-09-18 23:45:00,5226093.0,0.0,0.0,0.0,0.0
829,R27,2018-09-19 00:00:00,5226093.0,0.0,0.0,0.0,0.0
830,R27,2018-09-19 00:15:00,5226093.0,0.0,0.0,0.0,0.0
831,R27,2018-09-19 00:30:00,5226093.0,0.0,0.0,0.0,0.0
832,R27,2018-09-19 00:45:00,5226093.0,0.0,0.0,0.0,0.0
833,R27,2018-10-12 01:15:00,5282683.0,0.0,0.0,56590.0,-56590.0
834,R27,2018-10-12 01:30:00,5282683.0,0.0,0.0,0.0,0.0
835,R27,2018-10-12 01:45:00,5282683.0,0.0,0.0,0.0,0.0
836,R27,2018-10-12 02:00:00,5282683.0,0.0,0.0,0.0,0.0
837,R27,2018-10-12 02:15:00,5282683.0,0.0,0.0,0.0,0.0
838,R27,2018-10-12 02:30:00,5282683.0,0.0,0.0,0.0,0.0
839,R27,2018-10-12 02:45:00,5282683.0,0.0,0.0,0.0,0.0
840,R27,2018-10-12 03:00:00,5282683.0,0.0,0.0,0.0,0.0
841,R27,2018-10-12 03:15:00,5282683.0,0.0,0.0,0.0,0.0
842,R27,2018-10-12 03:30:00,5282683.0,0.0,0.0,0.0,0.0
843,R27,2018-10-12 03:45:00,5282683.0,0.0,0.0,0.0,0.0
844,R27,2018-10-12 04:00:00,5282683.0,0.0,0.0,0.0,0.0
845,R27,2018-10-12 04:15:00,5282683.0,0.0,0.0,0.0,0.0
846,R27,2018-10-12 04:30:00,5282683.0,0.0,0.0,0.0,0.0
847,R27,2018-10-12 04:45:00,5282683.0,0.0,0.0,0.0,0.0
848,R27,2018-10-12 05:00:00,5282683.0,0.0,0.0,0.0,0.0
849,R27,2018-10-12 05:15:00,5282683.0,0.01066581,0.0012665649375,0.0,0.0012665649375
850,R27,2018-10-12 05:30:00,5282683.0,6.27626363,0.7453063060624999,0.0,0.7453063060624999
851,R27,2018-10-12 05:45:00,5282683.0,38.80274153,4.6078255566875,0.0,4.6078255566875
852,R27,2018-10-12 06:00:00,5282683.0,96.68393326,11.481217074625,0.0,11.481217074625
853,R27,2018-10-12 06:15:00,5282683.0,162.4899597,19.295682714375,0.0,19.295682714375
854,R27,2018-10-12 06:30:00,5282683.0,232.2871094,27.58409424125,0.0,27.58409424125
855,R27,2018-10-12 06:45:00,5282683.0,303.9581909,36.095035169374995,0.0,36.095035169374995
856,R27,2018-10-12 07:00:00,5282683.0,375.4925385,44.589738946875,0.0,44.589738946875
857,R27,2018-10-12 07:15:00,5282684.0,445.0664368,52.85163937,1.0,51.85163937
858,R27,2018-10-12 07:30:00,5282687.0,511.8135529,60.777859406874995,3.0,57.777859406874995
859,R27,2018-10-12 07:45:00,5282698.0,575.4434814,68.33391341625,11.0,57.33391341625
860,R27,2018-10-12 08:00:00,5282721.0,636.4742432,75.58131638,23.0,52.581316380000004
861,R27,2018-10-12 08:15:00,5282752.0,694.7157288,82.497492795,31.0,51.497492795
862,R27,2018-10-12 08:30:00,5282794.0,749.1604614,88.96280479125001,42.0,46.96280479125001
863,R27,2018-10-12 08:45:00,5282846.0,799.776947,94.97351245624999,52.0,42.97351245624999
864,R27,2018-10-12 09:00:00,5282908.0,845.4535217,100.397605701875,62.0,38.397605701874994
865,R27,2018-10-12 09:15:00,5282979.0,886.3905945,105.258883096875,71.0,34.258883096874996
866,R27,2018-10-12 09:30:00,5283058.0,923.6196899,109.67983817562501,79.0,30.679838175625008
867,R27,2018-10-12 09:45:00,5283145.0,956.3323364,113.5644649475,87.0,26.5644649475
868,R27,2018-10-12 10:00:00,5283240.0,982.7457581,116.701058774375,95.0,21.701058774375
869,R27,2018-10-12 10:15:00,5283340.0,1004.904266,119.3323815875,100.0,19.332381587499995
870,R27,2018-10-12 10:30:00,5283446.0,1021.766602,121.3347839875,106.0,15.334783987500003
871,R27,2018-10-12 10:45:00,5283554.0,1031.309021,122.46794624375,108.0,14.467946243750006
872,R27,2018-10-12 11:00:00,5283669.0,1038.62146,123.33629837500001,115.0,8.336298375000013
873,R27,2018-10-12 11:15:00,5283787.0,1041.339355,123.65904840625001,118.0,5.659048406250008
874,R27,2018-10-12 11:30:00,5283909.0,1037.408264,123.19223134999999,122.0,1.192231349999986
875,R27,2018-10-12 11:45:00,5284030.0,1027.431335,122.00747103124999,121.0,1.0074710312499917
876,R27,2018-10-12 12:00:00,5284152.0,1012.243134,120.2038721625,122.0,-1.796127837499995
877,R27,2018-10-12 12:15:00,5284273.0,994.2044678,118.06178055125,121.0,-2.9382194487500044
878,R27,2018-10-12 12:30:00,5284395.0,970.2940979,115.222424125625,122.0,-6.777575874375003
879,R27,2018-10-12 12:45:00,5284516.0,940.1158142,111.63875293625,121.0,-9.36124706375
880,R27,2018-10-12 13:00:00,5284637.0,903.1058655,107.243821528125,121.0,-13.756178471875003
881,R27,2018-10-12 13:15:00,5284759.0,867.1550293,102.974659729375,122.0,-19.025340270624994
882,R27,2018-10-12 13:30:00,5284880.0,828.2799683,98.35824623562499,121.0,-22.64175376437501
883,R27,2018-10-12 13:45:00,5285002.0,780.198822,92.6486101125,122.0,-29.351389887500005
884,R27,2018-10-12 14:00:00,5285122.0,730.2411804,86.71614017249999,120.0,-33.28385982750001
885,R27,2018-10-12 14:15:00,5285240.0,675.6262817,80.23062095187501,118.0,-37.76937904812499
886,R27,2018-10-12 14:30:00,5285355.0,616.3001709,73.185645294375,115.0,-41.81435470562499
887,R27,2018-10-12 14:45:00,5285466.0,555.7670288,65.99733467000001,111.0,-45.002665329999985
888,R27,2018-10-12 15:00:00,5285574.0,493.204071,58.56798343125,108.0,-49.43201656875
889,R27,2018-10-12 15:15:00,5285677.0,427.4037476,50.754195027499996,103.0,-52.245804972500004
890,R27,2018-10-12 15:30:00,5285774.0,360.6198273,42.823604491874995,97.0,-54.176395508125005
891,R27,2018-10-12 15:45:00,5285866.0,293.6959381,34.876392649375,92.0,-57.123607350625
892,R27,2018-10-12 16:00:00,5285951.0,224.665184,26.678990600000002,85.0,-58.321009399999994
893,R27,2018-10-12 16:15:00,5286029.0,138.4019661,16.435233474375,78.0,-61.564766525625004
894,R27,2018-10-12 16:30:00,5286099.0,51.50840044,6.11662255225,70.0,-63.88337744775
895,R27,2018-10-12 16:45:00,5286160.0,8.362578332,0.993056176925,61.0,-60.006943823075
896,R27,2018-10-12 17:00:00,5286212.0,0.637438238,0.07569579076249999,52.0,-51.9243042092375
897,R27,2018-10-12 17:15:00,5286255.0,0.0,0.0,43.0,-43.0
898,R27,2018-10-12 17:30:00,5286288.0,0.0,0.0,33.0,-33.0
899,R27,2018-10-12 17:45:00,5286311.0,0.0,0.0,23.0,-23.0
900,R27,2018-10-12 18:00:00,5286320.0,0.0,0.0,9.0,-9.0
901,R27,2018-10-12 18:15:00,5286321.0,0.0,0.0,1.0,-1.0
902,R27,2018-10-12 18:30:00,5286321.0,0.0,0.0,0.0,0.0
903,R27,2018-10-12 18:45:00,5286321.0,0.0,0.0,0.0,0.0
904,R27,2018-10-12 19:00:00,5286321.0,0.0,0.0,0.0,0.0
905,R27,2018-10-12 19:15:00,5286321.0,0.0,0.0,0.0,0.0
906,R27,2018-10-12 19:30:00,5286321.0,0.0,0.0,0.0,0.0
907,R27,2018-10-12 19:45:00,5286321.0,0.0,0.0,0.0,0.0
908,R27,2018-10-12 20:00:00,5286321.0,0.0,0.0,0.0,0.0
909,R27,2018-10-12 20:15:00,5286321.0,0.0,0.0,0.0,0.0
910,R27,2018-10-12 20:30:00,5286321.0,0.005329693,0.00063290104375,0.0,0.00063290104375
911,R27,2018-10-12 20:45:00,5286321.0,0.006091093,0.00072331729375,0.0,0.00072331729375
912,R27,2018-10-12 21:00:00,5286321.0,0.0007614,9.041624999999999e-05,0.0,9.041624999999999e-05
913,R27,2018-10-12 21:15:00,5286321.0,0.0,0.0,0.0,0.0
914,R27,2018-10-12 21:30:00,5286321.0,0.0,0.0,0.0,0.0
915,R27,2018-10-12 21:45:00,5286321.0,0.0,0.0,0.0,0.0
916,R27,2018-10-12 22:00:00,5286321.0,0.0,0.0,0.0,0.0
917,R27,2018-10-12 22:15:00,5286321.0,0.0,0.0,0.0,0.0
918,R27,2018-10-12 22:30:00,5286321.0,0.0,0.0,0.0,0.0
919,R27,2018-10-12 22:45:00,5286321.0,0.0,0.0,0.0,0.0
920,R27,2018-10-12 23:00:00,5286321.0,0.0,0.0,0.0,0.0
921,R27,2018-10-12 23:15:00,5286321.0,0.0,0.0,0.0,0.0
922,R27,2018-10-12 23:30:00,5286321.0,0.0,0.0,0.0,0.0
923,R27,2018-10-12 23:45:00,5286321.0,0.0,0.0,0.0,0.0
924,R27,2018-10-13 00:00:00,5286321.0,0.0,0.0,0.0,0.0
925,R27,2018-10-13 00:15:00,5286321.0,0.0,0.0,0.0,0.0
926,R27,2018-10-13 00:30:00,5286321.0,0.0,0.0,0.0,0.0
927,R27,2018-10-13 00:45:00,5286321.0,0.0,0.0,0.0,0.0
928,R27,2018-10-13 01:00:00,5286321.0,0.0,0.0,0.0,0.0
929,R27,2018-10-13 01:15:00,5286321.0,0.005333912,0.0006334020499999999,0.0,0.0006334020499999999
930,R27,2018-10-13 01:30:00,5286321.0,0.005333912,0.0006334020499999999,0.0,0.0006334020499999999
931,R27,2018-10-13 01:45:00,5286321.0,0.0,0.0,0.0,0.0
932,R27,2018-10-13 02:00:00,5286321.0,0.0,0.0,0.0,0.0
933,R27,2018-10-13 02:15:00,5286321.0,0.0,0.0,0.0,0.0
934,R27,2018-10-13 02:30:00,5286321.0,0.0,0.0,0.0,0.0
935,R27,2018-10-13 02:45:00,5286321.0,0.0,0.0,0.0,0.0
936,R27,2018-10-13 03:00:00,5286321.0,0.0,0.0,0.0,0.0
937,R27,2018-10-13 03:15:00,5286321.0,0.0,0.0,0.0,0.0
938,R27,2018-10-13 03:30:00,5286321.0,0.0,0.0,0.0,0.0
939,R27,2018-10-13 03:45:00,5286321.0,0.0,0.0,0.0,0.0
940,R27,2018-10-13 04:00:00,5286321.0,0.0,0.0,0.0,0.0
941,R27,2018-10-13 04:15:00,5286321.0,0.119632356,0.014206342274999999,0.0,0.014206342274999999
942,R27,2018-10-13 04:30:00,5286321.0,0.286505409,0.03402251731875,0.0,0.03402251731875
943,R27,2018-10-13 04:45:00,5286321.0,0.492241934,0.0584537296625,0.0,0.0584537296625
944,R27,2018-10-13 05:00:00,5286321.0,0.35432373,0.0420759429375,0.0,0.0420759429375
945,R27,2018-10-13 05:15:00,5286321.0,0.812258407,0.09645568583125,0.0,0.09645568583125
946,R27,2018-10-13 05:30:00,5286321.0,7.73535043,0.9185728635625,0.0,0.9185728635625
947,R27,2018-10-13 05:45:00,5286321.0,15.57153463,1.8491197373125001,0.0,1.8491197373125001
948,R27,2018-10-13 06:00:00,5286321.0,22.60530186,2.6843795958750003,0.0,2.6843795958750003
949,R27,2018-10-13 06:15:00,5286321.0,48.32013798,5.738016385125,0.0,5.738016385125
950,R27,2018-10-13 06:30:00,5286321.0,95.66973877,11.360781478937499,0.0,11.360781478937499
951,R27,2018-10-13 06:45:00,5286321.0,154.7029381,18.370973899375,0.0,18.370973899375
952,R27,2018-10-13 07:00:00,5286321.0,155.9752235,18.522057790625,0.0,18.522057790625
953,R27,2018-10-13 07:15:00,5286321.0,133.945591,15.90603893125,0.0,15.90603893125
954,R27,2018-10-13 07:30:00,5286322.0,202.0284271,23.990875718125,1.0,22.990875718125
955,R27,2018-10-13 07:45:00,5286324.0,235.5864334,27.97588896625,2.0,25.97588896625
956,R27,2018-10-13 08:00:00,5286333.0,441.8871078,52.47409405125,9.0,43.47409405125
957,R27,2018-10-13 08:15:00,5286348.0,696.1491089,82.667706681875,15.0,67.667706681875
958,R27,2018-10-13 08:30:00,5286372.0,743.932251,88.34195480625,24.0,64.34195480625
959,R27,2018-10-13 08:45:00,5286387.0,792.0257568,94.05305862,15.0,79.05305862
960,R27,2018-10-13 09:00:00,5286405.0,831.805481,98.77690086875,18.0,80.77690086875
961,R27,2018-10-13 09:15:00,5286440.0,861.9015808,102.35081272000001,35.0,67.35081272000001
962,R27,2018-10-13 09:30:00,5286467.0,896.0478821,106.40568599937501,27.0,79.40568599937501
963,R27,2018-10-13 09:45:00,5286556.0,933.3044434,110.82990265375,89.0,21.829902653749997
964,R27,2018-10-13 10:00:00,5286649.0,962.9656372,114.3521694175,93.0,21.352169417499994
965,R27,2018-10-13 10:15:00,5286749.0,986.3119507,117.124544145625,100.0,17.124544145624995
966,R27,2018-10-13 10:30:00,5286854.0,1004.549072,119.2902023,105.0,14.290202300000004
967,R27,2018-10-13 10:45:00,5286963.0,1019.003723,121.00669210625,109.0,12.00669210625
968,R27,2018-10-13 11:00:00,5287076.0,1025.944153,121.83086816874999,113.0,8.830868168749987
969,R27,2018-10-13 11:15:00,5287193.0,1033.182251,122.69039230624999,117.0,5.69039230624999
970,R27,2018-10-13 11:30:00,5287314.0,1039.476746,123.4378635875,121.0,2.4378635875000043
971,R27,2018-10-13 11:45:00,5287436.0,1039.964355,123.49576715625,122.0,1.4957671562499968
972,R27,2018-10-13 12:00:00,5287557.0,971.7363586,115.39369258375,121.0,-5.606307416250004
973,R27,2018-10-13 12:15:00,5287678.0,881.0531921,104.625066561875,121.0,-16.374933438124998
974,R27,2018-10-13 12:30:00,5287800.0,709.7839661,84.286845974375,122.0,-37.713154025625
975,R27,2018-10-13 12:45:00,5287921.0,680.3858337,80.795817751875,121.0,-40.204182248124994
976,R27,2018-10-13 13:00:00,5288043.0,522.3090515,62.024199865625,122.0,-59.975800134375
977,R27,2018-10-13 13:15:00,5288164.0,483.8836975,57.461189078124995,121.0,-63.538810921875005
978,R27,2018-10-13 13:30:00,5288285.0,669.4421082,79.49625034875001,121.0,-41.50374965124999
979,R27,2018-10-13 13:45:00,5288388.0,725.7343445,86.180953409375,103.0,-16.819046590625007
980,R27,2018-10-13 14:00:00,5288492.0,805.4038086,95.64170227125,104.0,-8.358297728750003
981,R27,2018-10-13 14:15:00,5288556.0,722.292572,85.772242925,64.0,21.772242925
982,R27,2018-10-13 14:30:00,5288648.0,641.2373352,76.14693355499999,92.0,-15.85306644500001
983,R27,2018-10-13 14:45:00,5288679.0,570.2892456,67.721847915,31.0,36.721847915
984,R27,2018-10-13 15:00:00,5288772.0,486.9810791,57.82900314312499,93.0,-35.17099685687501
985,R27,2018-10-13 15:15:00,5288854.0,412.9432678,49.03701305125001,82.0,-32.96298694874999
986,R27,2018-10-13 15:30:00,5288962.0,337.9476013,40.13127765437499,108.0,-67.868722345625
987,R27,2018-10-13 15:45:00,5289063.0,278.4285736,33.063393115,101.0,-67.936606885
988,R27,2018-10-13 16:00:00,5289151.0,233.4660034,27.72408790375,88.0,-60.275912096249996
989,R27,2018-10-13 16:15:00,5289232.0,171.0099564,20.307432322500002,81.0,-60.692567677499994
990,R27,2018-10-13 16:30:00,5289303.0,96.12290382,11.414594828625,71.0,-59.585405171375
991,R27,2018-10-13 16:45:00,5289362.0,30.63454938,3.637852738875,59.0,-55.362147261125
992,R27,2018-10-13 17:00:00,5289413.0,2.403676279,0.28543655813124996,51.0,-50.71456344186875
993,R27,2018-10-13 17:15:00,5289452.0,0.047922142,0.0056907543625,39.0,-38.9943092456375
994,R27,2018-10-13 17:30:00,5289485.0,0.0,0.0,33.0,-33.0
995,R27,2018-10-13 17:45:00,5289510.0,0.0,0.0,25.0,-25.0
996,R27,2018-10-13 18:00:00,5289524.0,0.0,0.0,14.0,-14.0
997,R27,2018-10-13 18:15:00,5289528.0,0.0,0.0,4.0,-4.0
998,R27,2018-10-13 18:30:00,5289528.0,0.0,0.0,0.0,0.0
999,R27,2018-10-13 18:45:00,5289528.0,0.0,0.0,0.0,0.0
1000,R27,2018-10-13 19:00:00,5289528.0,0.0,0.0,0.0,0.0
1001,R27,2018-10-13 19:15:00,5289528.0,0.0,0.0,0.0,0.0
1002,R27,2018-10-13 19:30:00,5289528.0,0.0,0.0,0.0,0.0
1003,R27,2018-10-13 19:45:00,5289528.0,0.0,0.0,0.0,0.0
1004,R27,2018-10-13 20:00:00,5289528.0,0.0,0.0,0.0,0.0
1005,R27,2018-10-13 20:15:00,5289528.0,0.0,0.0,0.0,0.0
1006,R27,2018-10-13 20:30:00,5289528.0,0.0,0.0,0.0,0.0
1007,R27,2018-10-13 20:45:00,5289528.0,0.0,0.0,0.0,0.0
1008,R27,2018-10-13 21:00:00,5289528.0,0.0,0.0,0.0,0.0
1009,R27,2018-10-13 21:15:00,5289528.0,0.0,0.0,0.0,0.0
1010,R27,2018-10-13 21:30:00,5289528.0,0.0,0.0,0.0,0.0
1011,R27,2018-10-13 21:45:00,5289528.0,0.0,0.0,0.0,0.0
1012,R27,2018-10-13 22:00:00,5289528.0,0.0,0.0,0.0,0.0
1013,R27,2018-10-13 22:15:00,5289528.0,0.0,0.0,0.0,0.0
1014,R27,2018-10-13 22:30:00,5289528.0,0.0,0.0,0.0,0.0
1015,R27,2018-10-13 22:45:00,5289528.0,0.0,0.0,0.0,0.0
1016,R27,2018-10-13 23:00:00,5289528.0,0.0,0.0,0.0,0.0
1017,R27,2018-10-13 23:15:00,5289528.0,,,0.0,
1018,R27,2018-10-13 23:30:00,5289528.0,,,0.0,
1019,R27,2018-10-13 23:45:00,5289528.0,,,0.0,
